timestamp,side,entry_price,exit_price,units,gross_pnl,net_pnl,exit_fee,reason,holding_hours
2025-12-09 18:00:00+00:00,LONG,138.14657592773438,142.43770599365234,12.426772093993392,53.32489535484544,51.997364672364675,1.3275306824807658,STOP_LOSS,3
2025-12-09 21:00:00+00:00,LONG,142.06832885742188,139.8602649143764,9.517023553332471,-21.01419655322808,-22.012486629752157,0.9982900765240793,STOP_LOSS,3
2025-12-11 18:00:00+00:00,SHORT,130.75364685058594,133.34829711914062,7.921555384650472,-20.55366580615418,-21.345910246962752,0.7922444408085747,STOP_LOSS,16
2025-12-12 08:00:00+00:00,LONG,137.12791442871094,138.01060158865792,11.363554181798214,10.030463367635123,8.854245156023662,1.1762182116114608,STOP_LOSS,11
2025-12-12 22:00:00+00:00,SHORT,133.77359008789062,132.4001737322126,11.557684159279843,15.873512458115673,14.725832915142654,1.1476795429730196,STOP_LOSS,7
2025-12-13 22:00:00+00:00,SHORT,132.63677978515625,132.80560302734375,10.173647583897285,-1.7175481699865656,-2.730886221761934,1.0133380517753683,SIGNAL_EXIT,24
2025-12-15 21:00:00+00:00,SHORT,131.67555236816406,125.69623402186802,15.539246190912499,92.91409983693396,91.44918129263169,1.4649185443022692,STOP_LOSS,7
2025-12-18 13:00:00+00:00,SHORT,122.97012329101562,125.37123680114746,9.27056538779782,-22.25967979920193,-23.13137648558752,0.8716966863855914,STOP_LOSS,20
2025-12-19 04:00:00+00:00,SHORT,119.59082794189452,122.54495920453752,7.372709705347838,-21.77995223095953,-22.45756853851109,0.6776163075515614,STOP_LOSS,7
2025-12-21 15:00:00+00:00,SHORT,123.62222290039062,124.52270616803851,17.244128711791944,-15.528049370135133,-17.138513549661862,1.6104641795267287,STOP_LOSS,2
2025-12-23 00:00:00+00:00,SHORT,124.85037994384766,126.14568764822823,16.168226691350796,-20.94282859947836,-22.472492655003023,1.529664055524663,STOP_LOSS,5
2025-12-26 02:00:00+00:00,SHORT,123.9347152709961,120.73980004446847,16.511192657321416,52.75186082900734,51.25669225405183,1.495168574955513,STOP_LOSS,8
2025-12-26 13:00:00+00:00,SHORT,122.62345123291016,124.22021920340401,13.438106976012186,-21.457538803366326,-22.709502249045595,1.2519634456792699,STOP_LOSS,6
2025-12-26 23:00:00+00:00,SHORT,122.41857147216795,121.96419089181083,13.18332772931254,5.9902481046832055,4.784327679857823,1.2059204248253832,STOP_LOSS,9
2025-12-27 23:00:00+00:00,SHORT,123.97530364990234,124.60352216448103,16.979276536702088,-10.66669588450781,-12.253454129716168,1.5867582452083586,STOP_LOSS,1
2025-12-29 05:00:00+00:00,LONG,127.06766510009766,127.89242771693638,16.34834903160336,13.483507128298033,11.91538459318635,1.5681225351116845,STOP_LOSS,5
2025-12-29 09:00:00+00:00,LONG,127.62952423095705,126.17996406555177,14.473778592539757,-20.980612890641236,-22.3503385376658,1.3697256470245642,STOP_LOSS,4
2025-12-30 07:00:00+00:00,SHORT,123.5677719116211,123.31373051234652,11.608199875939896,2.948963339542659,1.8753755161163288,1.07358782342633,STOP_LOSS,19
2026-01-05 13:00:00+00:00,LONG,135.56556701660156,134.51172147478377,15.137979996531596,-15.953092731471756,-17.480269543209985,1.5271768117382296,STOP_LOSS,13
2026-01-06 01:00:00+00:00,LONG,133.7367706298828,137.57499367850167,14.505136864418692,55.673950636382884,54.17729255206173,1.4966580843211523,STOP_LOSS,12
2026-01-06 16:00:00+00:00,LONG,137.6240997314453,140.42996433803015,13.489041577336234,37.848424338598996,36.427725117854344,1.42069922074465,STOP_LOSS,9
2026-01-09 07:00:00+00:00,LONG,138.7955322265625,139.58873748779297,11.900267550257546,9.439354830914507,8.193497338583956,1.2458574923305512,STOP_LOSS,5
2026-01-09 19:00:00+00:00,LONG,138.3495635986328,136.25486973353796,10.519795274637438,-22.035750623836876,-23.110780624913787,1.0750300010769092,STOP_LOSS,4
2026-01-10 11:00:00+00:00,LONG,135.78961181640625,136.3696507045201,9.05628965077015,5.2530001794696615,4.326747887203798,0.9262522922658643,STOP_LOSS,16
2026-01-11 09:00:00+00:00,LONG,135.89437866210938,136.30456324986048,15.909261880298368,6.525734025794538,4.899355281628246,1.6263787441662925,STOP_LOSS,13
2026-01-13 21:00:00+00:00,LONG,138.442138671875,143.41116333007812,11.166079143246398,55.484522598238975,54.28351729841246,1.201005299826516,SIGNAL_EXIT,24
2026-01-14 17:00:00+00:00,LONG,144.73773193359375,146.08646065848214,12.469687843618244,16.818226185079478,15.45198676313676,1.3662394219427172,STOP_LOSS,10
2026-01-15 02:00:00+00:00,LONG,146.06219482421875,144.45951679774694,14.36957351779803,-23.029799726746088,-24.58666596197419,1.556866235228103,STOP_LOSS,9
2026-01-15 12:00:00+00:00,LONG,144.40109252929688,144.87535095214844,12.360427674581182,5.862036934717677,4.51899596176248,1.3430409729551975,STOP_LOSS,10
2026-01-15 15:00:00+00:00,LONG,144.8709716796875,143.51940155029297,15.579512171727274,-21.056803281845106,-22.73377497934396,1.6769716974988527,STOP_LOSS,3
2026-01-19 16:00:00+00:00,SHORT,137.99720764160156,133.51063319614954,16.001526594581264,71.79204030746921,70.18975984665853,1.6022804608106782,STOP_LOSS,17
2026-01-26 00:00:00+00:00,SHORT,126.5307388305664,118.77626201084682,18.534889469875832,143.72837075021675,142.0772420842047,1.6511286660120432,STOP_LOSS,18
2026-01-27 02:00:00+00:00,SHORT,123.44084930419922,124.70134898594448,20.831975851122916,-26.25869893046535,-28.207030548473586,1.9483316180082348,STOP_LOSS,11
2026-01-27 18:00:00+00:00,SHORT,126.0640106201172,124.63831983293805,20.351554294850825,29.015023462945077,27.11258581297081,1.9024376499742657,STOP_LOSS,2
2026-01-27 20:00:00+00:00,SHORT,125.67424774169922,127.02264949253627,19.400563140242355,-26.159753305527637,-28.007986504318254,1.8482331987906178,STOP_LOSS,2
2026-01-29 03:00:00+00:00,SHORT,126.83326721191406,122.9284210205078,16.725498066897682,65.31049742589825,63.76846812478928,1.5420293011089659,SIGNAL_EXIT,25
2026-01-29 22:00:00+00:00,SHORT,115.72117614746094,117.38749476841518,16.0873017259005,-26.806570426777334,-28.22290646216763,1.416336035390296,STOP_LOSS,4
2026-01-30 18:00:00+00:00,SHORT,114.95484161376952,117.11742673601421,12.121690566414797,-26.21418767538248,-27.27893358050402,1.0647459051215395,STOP_LOSS,17
2026-01-31 10:00:00+00:00,SHORT,117.15821075439452,116.31892231532504,18.018625193582828,15.122823812900092,13.550893514809102,1.57193029809099,STOP_LOSS,3
2026-02-03 03:00:00+00:00,SHORT,104.69731903076172,103.53173119681222,13.044091548306112,15.204034413629124,14.191176378714745,1.0128580349143788,STOP_LOSS,10
2026-02-03 19:00:00+00:00,SHORT,101.01750946044922,98.17915507725306,17.0155556592395,48.29617698792069,47.04324732957511,1.2529296583455791,STOP_LOSS,5
2026-02-04 18:00:00+00:00,SHORT,99.01276397705078,92.28466033935547,13.525908861772127,91.0037166160243,90.06754118720701,0.9361754288172892,STOP_LOSS,23
2026-02-06 01:00:00+00:00,SHORT,91.02205657958984,78.31776482718331,11.39922563170726,144.8190881767197,144.14951677254265,0.669571404177037,STOP_LOSS,20
2026-02-06 14:00:00+00:00,SHORT,79.5937728881836,83.90569414411273,7.354997212541014,-31.71416881805514,-32.17701342796484,0.46284460990970105,STOP_LOSS,8
2026-02-06 17:00:00+00:00,SHORT,83.97969818115234,86.8086417061942,10.980016778302542,-31.061847369829856,-31.776717626656605,0.7148702568267495,STOP_LOSS,3
2026-02-07 12:00:00+00:00,SHORT,86.90808868408203,86.07079533168248,11.748363528974354,9.83682668438361,9.078433439795194,0.7583932445884158,STOP_LOSS,19
2026-02-07 18:00:00+00:00,SHORT,86.40523529052734,87.85501289367676,21.09201764804969,-30.57873479137462,-31.968514403191918,1.3897796118172974,STOP_LOSS,3
2026-02-08 08:00:00+00:00,SHORT,88.74799346923828,87.4420394897461,19.607218401863623,25.606124898686247,24.32025352435137,1.2858713743348764,STOP_LOSS,14
2026-02-09 14:00:00+00:00,SHORT,84.60372924804688,84.09945951189313,19.711124500895803,9.939723551360343,8.696452363687614,1.2432711876727285,STOP_LOSS,6
2026-02-09 17:00:00+00:00,SHORT,85.29271697998047,86.71484075273786,21.461736492676526,-30.52124567089005,-31.9170339675698,1.3957882966797508,STOP_LOSS,2
2026-02-10 13:00:00+00:00,SHORT,87.77950286865234,84.48099408830915,18.82835728759159,62.1055018325597,60.91252307703051,1.1929787555291982,STOP_LOSS,20
2026-02-11 18:00:00+00:00,SHORT,81.05854797363281,79.76877321515765,25.193997809452675,32.49458243971057,30.987311716476512,1.5072707232340568,STOP_LOSS,11
2026-02-16 20:00:00+00:00,SHORT,84.09607696533203,85.30152974809918,26.24575611887083,-31.63801974932089,-33.3171221090723,1.6791023597514123,STOP_LOSS,7
2026-02-21 16:00:00+00:00,LONG,84.61560821533203,86.19383239746094,36.563667723698835,57.705664588867684,55.34199260315797,2.363671985709712,STOP_LOSS,8
2026-02-22 12:00:00+00:00,LONG,85.13651275634766,84.52591569083077,37.58552093757542,-22.949608790406977,-25.33232172088107,2.382712930474091,STOP_LOSS,8
2026-02-23 06:00:00+00:00,SHORT,83.0220947265625,78.13329533168248,37.874685038920354,185.16173729954534,182.94228183574003,2.219455463805315,STOP_LOSS,13
2026-02-24 14:00:00+00:00,SHORT,80.714599609375,76.93902587890625,23.00966001116076,86.87466788515586,85.54691226485821,1.327755620297649,SIGNAL_EXIT,26
2026-02-25 23:00:00+00:00,LONG,89.76880645751953,88.43975094386509,27.64302591366715,-36.73911600465184,-38.57267275000649,1.8335567453546486,STOP_LOSS,3
2026-02-26 16:00:00+00:00,LONG,87.9095687866211,86.17067664010185,20.662834322373943,-35.93044032800442,-37.26583813915038,1.3353978111459621,STOP_LOSS,17
2026-02-27 11:00:00+00:00,LONG,84.73302459716797,83.76321629115513,36.25239795783761,-35.15787665239372,-37.435339740805254,2.2774630884115368,STOP_LOSS,1
2026-02-28 13:00:00+00:00,SHORT,78.9036865234375,80.19618797302246,26.586502660166428,-34.363093227659526,-35.9621953513195,1.5991021236599763,STOP_LOSS,1
2026-02-28 18:00:00+00:00,SHORT,80.57283782958984,81.9924806867327,23.676646950632303,-33.61238272455846,-35.06836298792819,1.455980263369731,STOP_LOSS,5
2026-03-01 23:00:00+00:00,SHORT,82.00047302246094,83.38127708435059,23.813950836929948,-32.882400045273265,-34.37162827017863,1.489228224905369,STOP_LOSS,3
2026-03-04 12:00:00+00:00,LONG,85.45760345458984,89.29824338640485,19.42926887548403,74.62082588915439,73.31957620350724,1.3012496856471552,STOP_LOSS,8
2026-03-06 05:00:00+00:00,LONG,88.19480895996094,88.60641098022461,20.260464978826754,8.339248316766463,6.992843001843185,1.3464053149232784,STOP_LOSS,12
2026-03-06 18:00:00+00:00,SHORT,85.84449768066406,85.02628108433315,33.31441714145493,27.258409002229484,25.133958255206927,2.1244507470225553,STOP_LOSS,5
2026-03-07 09:00:00+00:00,SHORT,84.75778198242188,84.43808146885463,31.683847439991805,10.129342298351503,8.12284982981291,2.006492468538592,STOP_LOSS,8
2026-03-07 20:00:00+00:00,SHORT,84.61429595947266,82.94392667497907,40.539452498819074,67.71585626421424,65.19398023258485,2.5218760316293847,STOP_LOSS,11
2026-03-08 05:00:00+00:00,SHORT,83.03640747070312,82.43936484200614,42.81808395482441,25.564221400156455,22.91679966641589,2.647421733740564,STOP_LOSS,9
2026-03-10 13:00:00+00:00,LONG,86.02464294433594,86.53631918770927,28.30082397975862,14.480859298332744,12.644072445442067,1.8367868528906763,STOP_LOSS,18
2026-03-11 09:00:00+00:00,LONG,86.22561645507812,84.90022713797433,27.29459579695385,-36.175965683948874,-37.91395372104931,1.737988037100436,STOP_LOSS,15
2026-03-12 02:00:00+00:00,LONG,87.16889190673828,85.71486282348633,24.33402785188271,-35.38238420930051,-36.94672510375078,1.5643408944502666,STOP_LOSS,9
2026-03-13 14:00:00+00:00,LONG,89.79511260986328,91.06403623308454,22.251554065475705,28.23552260706708,26.71578536282139,1.5197372442456893,STOP_LOSS,14
2026-03-15 13:00:00+00:00,LONG,88.4081802368164,87.84653690883091,39.720279904777854,-22.308630194234738,-24.92559697024786,2.6169667760131223,STOP_LOSS,8
2026-03-18 21:00:00+00:00,SHORT,89.11074829101562,90.23898206438336,30.636195760414953,-34.564790744405705,-36.638225084214476,2.073434339808767,STOP_LOSS,7
2026-03-22 02:00:00+00:00,SHORT,87.46663665771484,88.08332034519741,38.63310322542973,-23.82440455595252,-26.376603561453475,2.5521990055009547,STOP_LOSS,3
2026-03-24 16:00:00+00:00,LONG,91.28495025634766,89.37771551949638,17.414142423469077,-33.21285734251575,-34.38018454317135,1.1673272006556092,STOP_LOSS,23
2026-03-26 20:00:00+00:00,SHORT,88.13516998291016,86.2121968950544,36.87677566297461,70.91304716679413,68.5286262835608,2.384420883233338,STOP_LOSS,11
2026-03-27 23:00:00+00:00,SHORT,86.13824462890625,82.81819425310407,38.419464921441666,127.55455895055117,125.16818591882796,2.3863730317232053,STOP_LOSS,19
2026-03-28 07:00:00+00:00,SHORT,82.69180297851562,83.32413564409528,43.8700705024671,-27.740478619992352,-30.482055398940048,2.741576778947694,STOP_LOSS,2
2026-03-29 03:00:00+00:00,SHORT,82.01568603515625,82.72668538774762,43.4220543065286,-30.873052500129244,-33.56717446925866,2.6941219691294123,STOP_LOSS,4
2026-03-30 08:00:00+00:00,SHORT,83.27318572998047,84.36568532671247,31.93422954245314,-34.888132897077085,-36.90874776762429,2.020614870547205,STOP_LOSS,6
2026-04-02 14:00:00+00:00,SHORT,85.0394287109375,78.35042136056083,34.84001633883251,233.04512537769395,230.99782790742668,2.0472974702672633,STOP_LOSS,22
2026-04-03 07:00:00+00:00,SHORT,78.72969055175781,79.72791535513741,38.75438054353626,-38.68558389816967,-41.00293837688155,2.317354478711882,STOP_LOSS,14
2026-04-04 15:00:00+00:00,SHORT,80.21511840820312,80.86215346200126,47.14791809239395,-30.506355719382167,-33.36571736053293,2.859361641150769,STOP_LOSS,20
2026-04-05 14:00:00+00:00,SHORT,79.68912506103516,79.24829755510602,46.55053536063591,20.520756402695163,17.753968394488293,2.7667880082068694,STOP_LOSS,8
2026-04-06 16:00:00+00:00,LONG,81.8546371459961,82.12646865844727,41.87944968799636,11.38415414931081,8.804595665135121,2.5795584841756893,STOP_LOSS,17
2026-04-07 08:00:00+00:00,SHORT,80.36683654785156,79.96395438058036,46.685701782089836,18.80883671454534,16.008956718899032,2.7998799956463083,STOP_LOSS,10
2026-04-07 17:00:00+00:00,SHORT,79.37663269042969,79.11457334245954,47.60055921205564,12.474171510125874,9.649748060432676,2.824423449693198,STOP_LOSS,7
2026-04-08 00:00:00+00:00,LONG,82.86669158935547,84.72914287022182,36.272561691376815,67.55587898240854,65.25087168604534,2.305007296363201,STOP_LOSS,3
2026-04-08 14:00:00+00:00,LONG,84.61419677734375,83.19744518824986,27.654792379673786,-39.17997104996448,-40.90557710486473,1.7256060549002548,STOP_LOSS,14
2026-04-08 22:00:00+00:00,LONG,83.52584075927734,82.78072084699359,45.88611062013927,-34.19065472032086,-37.03951870582087,2.848863985500013,STOP_LOSS,6
2026-04-09 23:00:00+00:00,LONG,83.3971939086914,83.97757339477539,44.99969053472559,26.116897266482372,23.2826736555158,2.834223610966573,STOP_LOSS,7
2026-04-10 15:00:00+00:00,LONG,85.07074737548828,84.35990006583077,44.59563492542831,-31.700687109209188,-34.52224958847024,2.821562479261053,STOP_LOSS,1
2026-04-13 10:00:00+00:00,LONG,82.37349700927734,81.80077362060547,40.0798505729736,-22.95466783761583,-25.41358992521646,2.458922087600631,SIGNAL_EXIT,27
2026-04-13 15:00:00+00:00,LONG,83.48067474365234,82.80990791320801,43.88164533703223,-29.434352157403584,-32.159728414483354,2.7253762570797697,STOP_LOSS,2
2026-04-14 00:00:00+00:00,LONG,82.62997436523438,85.91235079084124,43.48851646549269,142.7456812309494,139.94353071948188,2.8021505114675125,STOP_LOSS,9
2026-04-15 20:00:00+00:00,LONG,83.80999755859375,84.8864277430943,35.33040366637079,38.03071293707049,35.781409118600685,2.2493038184698038,STOP_LOSS,20
2026-04-16 20:00:00+00:00,LONG,84.81999969482422,89.5999984741211,38.02004591726739,181.73577307334926,179.1808260312194,2.554947042129879,SIGNAL_REVERSAL,24
2026-04-17 18:00:00+00:00,LONG,87.88999938964844,89.58714239937919,22.690953582037597,38.50979325588007,36.985179988581294,1.524613267298779,STOP_LOSS,16
2026-04-18 08:00:00+00:00,LONG,89.20999908447266,87.77214295523507,30.319976438916456,-43.595763961035274,-45.591700940832226,1.9959369797969506,STOP_LOSS,14
2026-04-19 17:00:00+00:00,LONG,86.36000061035156,85.43428802490234,46.065439680146184,-42.64335726616316,-45.59503329738369,2.951676031220531,STOP_LOSS,4
2026-04-21 12:00:00+00:00,LONG,85.3499984741211,85.70286015101841,41.866157912797306,14.772962686357635,12.081925578861945,2.6910371074956903,STOP_LOSS,24
2026-04-22 15:00:00+00:00,LONG,87.29000091552734,88.50285502842495,32.858826641273986,39.85296303685847,37.67188805888085,2.181074977977614,STOP_LOSS,12
2026-04-24 11:00:00+00:00,SHORT,86.08000183105469,85.8000008719308,49.45427038060941,13.847243139342417,10.664860808009676,3.1823823313327417,STOP_LOSS,21
2026-04-26 02:00:00+00:00,SHORT,85.70999908447266,86.2007143838065,49.84211779998597,-24.45828975565277,-27.68060937622324,3.2223196205704716,STOP_LOSS,7
2026-04-27 05:00:00+00:00,LONG,86.73999786376953,87.33499690464565,48.53814623166576,28.880150453745895,25.70084131557107,3.1793091381748257,STOP_LOSS,9
2026-04-27 23:00:00+00:00,SHORT,85.98999786376953,84.66857310703823,45.44169165167729,60.04777633627658,57.162163942488434,2.8856123937881453,STOP_LOSS,18
2026-04-29 21:00:00+00:00,SHORT,84.83999633789062,82.82714407784599,51.43503423880376,103.53112491304952,100.33596216938977,3.195162743659755,STOP_LOSS,16
2026-05-01 12:00:00+00:00,SHORT,83.58999633789062,84.20071111406598,54.52655363447403,-33.300171998491386,-36.743552941457864,3.443380942966479,STOP_LOSS,10
2026-05-03 09:00:00+00:00,SHORT,84.19999694824219,83.95143290928432,53.17756132301268,13.218029424377647,9.869780070611458,3.348249353766189,STOP_LOSS,14
2026-05-03 23:00:00+00:00,LONG,84.66999816894531,84.1375013078962,53.03618557475304,-28.241602340574147,-31.588351440445354,3.3467490998712073,STOP_LOSS,1
2026-05-04 06:00:00+00:00,LONG,84.73999786376953,85.19071851457868,52.167350524658055,23.512902179462706,20.17977162381458,3.333130555648127,STOP_LOSS,5
2026-05-05 15:00:00+00:00,LONG,84.4800033569336,85.5,41.244435451399525,42.069185705596595,39.4243862822756,2.6447994233209946,SIGNAL_REVERSAL,24
2026-05-07 10:00:00+00:00,LONG,90.16999816894533,89.15749849591937,44.72112062487607,-45.280120010041394,-48.270537443677554,2.990417433636163,STOP_LOSS,3
2026-05-08 14:00:00+00:00,LONG,88.66999816894531,89.12999725341797,39.299706788378124,18.07782914269777,15.450742074116564,2.6270870685812056,SIGNAL_EXIT,24
2026-05-09 14:00:00+00:00,LONG,91.62999725341795,93.10285459245954,48.57684962615469,71.54676947940125,68.1547869539235,3.3919825254777396,STOP_LOSS,21
2026-05-10 11:00:00+00:00,LONG,94.3000030517578,93.71714646475654,48.576133389106765,-28.3129193168927,-31.727231772531553,3.414312455638852,STOP_LOSS,2
2026-05-10 20:00:00+00:00,LONG,94.51000213623048,95.84285409109931,47.724091281879026,63.60914835939091,60.17863852137133,3.4305098380195775,STOP_LOSS,5
2026-05-11 02:00:00+00:00,LONG,94.51000213623048,95.3692888532366,32.52242195411977,27.946085190043146,25.619854999881177,2.326230190161969,STOP_LOSS,6
2026-05-12 01:00:00+00:00,LONG,95.3000030517578,97.26286152430941,27.347900962014943,53.68005910979353,51.68510778160679,1.9949513281867406,STOP_LOSS,23
2026-05-12 13:00:00+00:00,LONG,96.26000213623048,94.70214734758652,30.619578131438892,-47.700856418320114,-49.875661268263464,2.174804849943348,STOP_LOSS,12
2026-05-13 10:00:00+00:00,LONG,94.66000366210938,95.17857360839842,40.43500978198938,20.968380850843374,18.081970934674835,2.8864099161685397,STOP_LOSS,21
2026-05-13 12:00:00+00:00,LONG,94.76000213623048,93.92214502607075,49.560316874704554,-41.52446387524054,-45.01557232702356,3.4911084517830173,STOP_LOSS,2
2026-05-15 04:00:00+00:00,LONG,92.7300033569336,91.39178930010114,34.36864275325479,-45.992600846658476,-48.34835966443541,2.355758817776932,STOP_LOSS,8
2026-05-17 19:00:00+00:00,SHORT,86.77999877929688,86.5900023324149,51.829717931191986,9.847462249821593,6.481510702408853,3.3659515474127404,STOP_LOSS,11
2026-05-18 12:00:00+00:00,SHORT,86.75,84.98000008719308,51.9192992036514,91.89715506345956,88.58807852531959,3.3090765381399745,STOP_LOSS,17
2026-05-19 16:00:00+00:00,SHORT,85.08999633789062,84.68214688982282,45.02363578264289,18.362865003956887,15.50334139981215,2.8595236041447363,STOP_LOSS,12
2026-05-20 05:00:00+00:00,SHORT,84.75,84.39143317086356,48.954915960087135,17.55360898644913,14.455077347475928,3.098531638973202,STOP_LOSS,13
2026-05-20 14:00:00+00:00,SHORT,84.88999938964844,85.585357938494,55.6292407870099,-38.68226814703553,-42.253054510487715,3.5707863634521844,STOP_LOSS,8
2026-05-21 15:00:00+00:00,SHORT,86.52999877929688,86.02428654261998,39.76130630431505,20.107779144350463,17.542450639227003,2.56532850512346,STOP_LOSS,15
2026-05-21 17:00:00+00:00,SHORT,86.37000274658203,87.26357460021973,52.15809586812947,-46.60700640709707,-50.020632824442515,3.413626417345446,STOP_LOSS,2
2026-05-22 09:00:00+00:00,SHORT,87.26000213623047,87.04071916852679,42.80267036937276,9.385896584238298,6.591715175775599,2.7941814084626984,STOP_LOSS,10
2026-05-23 13:00:00+00:00,SHORT,86.66999816894531,82.47286060878209,52.63047326404483,220.8973361456891,217.64189688172925,3.2554392639598513,STOP_LOSS,22
2026-05-23 20:00:00+00:00,SHORT,84.0,84.9985705784389,49.97067506693176,-49.899245906568424,-53.08482287021505,3.185576963646627,STOP_LOSS,5
2026-05-24 22:00:00+00:00,SHORT,85.20999908447266,84.47214126586914,57.24044938696332,42.2353131205497,38.60889562549665,3.626417495053049,STOP_LOSS,7
2026-05-26 10:00:00+00:00,SHORT,84.5199966430664,85.32035391671317,58.53478986803783,-46.84874483226918,-50.594401573255254,3.745656740986068,STOP_LOSS,4
2026-05-28 14:00:00+00:00,SHORT,83.51000213623047,81.05000305175781,51.790899167992364,127.40556453727687,124.25732513556258,3.1482394017142967,SIGNAL_EXIT,35
2026-05-31 03:00:00+00:00,SHORT,82.61000061035156,83.07607024056571,61.50317667619235,-28.66476281046852,-32.49684447964548,3.8320816691769592,STOP_LOSS,4
2026-05-31 20:00:00+00:00,SHORT,82.54000091552734,81.83500071934291,60.67558216689153,42.77629733126296,39.05225759855737,3.7240397327055894,STOP_LOSS,13
2026-06-01 16:00:00+00:00,SHORT,80.72000122070312,80.21642957414899,47.02557078141947,23.680744108547447,20.851576568468527,2.82916754007892,STOP_LOSS,4
2026-06-07 01:00:00+00:00,SHORT,62.09000015258789,63.209642682756694,45.68211762249299,-51.14764175831695,-53.313304507249036,2.1656627489320837,STOP_LOSS,1
2026-06-07 07:00:00+00:00,SHORT,63.650001525878906,64.86928694588798,41.03947181411194,-50.03882962781996,-52.03548058273294,1.996650954912982,STOP_LOSS,6
2026-06-07 16:00:00+00:00,SHORT,65.94000244140625,65.10928399222237,42.38868034503246,35.213058799176444,33.14313632919625,2.06992246998019,STOP_LOSS,8
2026-06-08 12:00:00+00:00,SHORT,66.68000030517578,66.12571225847516,33.556558719835316,18.599999386812172,16.93578587709283,1.6642135097193418,STOP_LOSS,12
2026-06-09 04:00:00+00:00,SHORT,66.91000366210938,66.14999825613839,41.093949014136896,31.23162340344012,29.192849911722874,2.038773491717247,STOP_LOSS,12
2026-06-09 18:00:00+00:00,SHORT,66.37000274658203,64.86714036124093,44.65438740605849,67.1093991730148,64.93694736130428,2.172451811710519,STOP_LOSS,8
2026-06-10 13:00:00+00:00,SHORT,65.23999786376953,64.08142989022392,44.33491594811497,51.36501372732274,49.23423012130917,2.1307836060135745,STOP_LOSS,19
2026-06-11 00:00:00+00:00,SHORT,65.0199966430664,63.44571495056152,45.77352357468238,72.06042016506314,69.88231971831155,2.1781004467515794,STOP_LOSS,11
2026-06-11 03:00:00+00:00,SHORT,63.59999847412109,64.98964146205357,38.84179234175723,-53.97622436645254,-55.8694599849783,1.8932356185257553,STOP_LOSS,3
2026-06-11 17:00:00+00:00,SHORT,65.19000244140625,66.53893143790108,39.158310211289056,-52.82178009774756,-54.77594418652733,1.9541640887797682,STOP_LOSS,14
2026-06-13 16:00:00+00:00,LONG,67.93000030517578,68.16857092721122,76.09004861877625,18.152850229688273,14.262637822595273,3.8902124070929998,STOP_LOSS,4
2026-06-14 06:00:00+00:00,LONG,68.9000015258789,68.1671439579555,70.81279273277585,-51.89569106000617,-55.51602043721617,3.620329377209998,STOP_LOSS,7
2026-06-15 21:00:00+00:00,LONG,71.23999786376953,74.68143245152065,45.77517380197513,157.53226638243606,154.96834971974945,2.5639166626866174,STOP_LOSS,13
2026-06-17 06:00:00+00:00,LONG,73.01000213623047,73.48428671700614,44.682499070025244,21.192220339436354,18.729624159765784,2.4625961796705713,STOP_LOSS,14
2026-06-17 08:00:00+00:00,LONG,73.3499984741211,72.44356836591449,59.6717774781453,-54.0882957163958,-57.33042308483604,3.2421273684402414,STOP_LOSS,2
2026-06-17 19:00:00+00:00,LONG,72.08000183105469,73.37785829816546,59.38735062775112,77.07625707680201,73.80796962750206,3.2682874492999416,STOP_LOSS,9
2026-06-18 15:00:00+00:00,LONG,71.5999984741211,70.14500073024205,37.311386494375256,-54.28798317031517,-56.250888594985895,1.9629054246707216,STOP_LOSS,20
2026-06-19 13:00:00+00:00,SHORT,69.56999969482422,68.75642939976284,44.26914984946172,36.0160653051431,33.733223797984074,2.2828415071590276,STOP_LOSS,11
2026-06-22 03:00:00+00:00,LONG,72.37999725341797,73.52785546439034,53.77050962560878,61.72092098192407,58.75569828692529,2.9652226949987788,STOP_LOSS,4
2026-06-23 22:00:00+00:00,SHORT,71.87999725341797,69.12285940987724,49.33541514880615,136.02454013356618,133.46688640962205,2.5576537239441417,STOP_LOSS,23
2026-06-24 18:00:00+00:00,SHORT,69.22000122070312,65.79285321916852,74.00277762781117,253.6184714551628,249.9668310404548,3.6516404147080115,STOP_LOSS,9
2026-06-24 20:00:00+00:00,SHORT,66.04000091552734,67.5249993460519,42.02478483406545,-62.40673952171934,-64.53503219804801,2.128292676328681,STOP_LOSS,1
2026-06-25 06:00:00+00:00,SHORT,67.55999755859375,69.22392518179757,36.70496737576142,-61.0744091253244,-62.98005556188942,1.9056464365650219,STOP_LOSS,10
2026-06-26 06:00:00+00:00,SHORT,67.58999633789062,69.64821134294783,29.04342406143864,-59.777611201492526,-61.29472810435798,1.517116902865451,STOP_LOSS,7
2026-06-26 15:00:00+00:00,SHORT,69.88999938964844,71.51321383884975,36.05332061596129,-58.522270965515965,-60.455987585623355,1.9337166201073874,STOP_LOSS,9
2026-06-30 12:00:00+00:00,LONG,74.29000091552734,72.53821536472866,32.695414509699724,-57.2753547154657,-59.05410497982346,1.7787502643577546,STOP_LOSS,12
2026-07-02 12:00:00+00:00,LONG,77.80999755859375,81.32428686959403,42.6411275978707,149.8532589261962,147.25243945628705,2.60081946990915,STOP_LOSS,6
2026-07-04 08:00:00+00:00,LONG,83.30000305175781,82.31428909301758,59.80753154212844,-58.953118678872855,-62.64537950984675,3.6922608309738956,STOP_LOSS,3
2026-07-06 05:00:00+00:00,LONG,81.37000274658203,80.568573815482,70.81907291406209,-56.75645390701215,-61.03579768472761,4.27934377771546,STOP_LOSS,15
2026-07-07 01:00:00+00:00,LONG,80.33000183105469,81.8592883518764,57.82600388726704,88.4325282977815,84.88233165294811,3.550196644833389,STOP_LOSS,14
2026-07-07 18:00:00+00:00,LONG,81.29000091552734,81.94428416660854,44.69684534492765,29.244397285352697,26.497409038130918,2.7469882472217795,STOP_LOSS,16
2026-07-08 01:00:00+00:00,LONG,81.23999786376953,80.09142548697335,50.86466020717332,-58.42174366908322,-61.4771110262605,3.0553673571772806,STOP_LOSS,7
2026-07-09 05:00:00+00:00,SHORT,77.12000274658203,78.2267894744873,51.61809076206128,-57.130217775259226,-60.158655914598285,3.0284381393390594,STOP_LOSS,20
2026-07-10 01:00:00+00:00,SHORT,77.54000091552734,78.46142605372837,60.631439854702805,-55.86733284744699,-59.43525477346512,3.5679219260181325,STOP_LOSS,14
2026-07-12 01:00:00+00:00,SHORT,76.02999877929688,76.77356719970703,71.82442220204277,-53.406372163645095,-57.542034992026586,4.135662828381495,STOP_LOSS,1
2026-07-14 12:00:00+00:00,SHORT,74.9800033569336,75.908933367048,57.458962334580285,-53.37535446262456,-56.646590870021086,3.2712364073965317,STOP_LOSS,10
2026-07-14 22:00:00+00:00,SHORT,76.76000213623047,77.56035940987724,65.19313344857741,-52.1777985473933,-55.970100693389114,3.792302145995815,STOP_LOSS,10
2026-07-19 02:00:00+00:00,SHORT,75.51000213623047,75.98357582092285,67.51864880840894,-31.975055301649185,-35.822786579944186,3.8477312782950026,STOP_LOSS,4
2026-07-22 03:00:00+00:00,LONG,78.43000030517578,77.84285627092633,63.99388273741483,-37.57362647773186,-41.30972643984218,3.736099962110322,STOP_LOSS,3
2026-07-22 07:00:00+00:00,LONG,77.83000183105469,77.223571232387,63.3289491638499,-38.40461255442892,-42.07247826704901,3.6678657126200838,STOP_LOSS,4
2026-07-25 00:00:00+00:00,SHORT,75.77999877929688,74.00142996651786,63.83417804731614,113.53347826433927,109.99061292216024,3.542865342179023,STOP_LOSS,24
2026-07-27 14:00:00+00:00,LONG,76.69000244140625,76.1039308820452,65.85055377073476,-38.59313673320287,-42.35175122773717,3.7586144945343,STOP_LOSS,15
2026-07-28 14:00:00+00:00,SHORT,72.62000274658203,73.2650032043457,68.2704533294624,-44.034473649236645,-47.78584988569554,3.751376236458897,STOP_LOSS,1
2026-07-29 05:00:00+00:00,SHORT,74.2300033569336,73.55714307512555,58.54180988088271,39.39045869400355,36.160832480039886,3.229626213963666,STOP_LOSS,10
2026-07-29 17:00:00+00:00,SHORT,74.13999938964844,73.54214314052037,59.79895987984964,35.75118185552692,32.45287410517332,3.2983077503536022,STOP_LOSS,10
2026-08-01 03:00:00+00:00,SHORT,73.75,72.95999908447266,46.46927544506886,36.71077014549671,34.16797142505046,2.5427987204462488,SIGNAL_EXIT,49
2026-08-01 20:00:00+00:00,SHORT,71.87000274658203,71.38285718645368,70.15508594838435,34.17573864017854,30.41983577931086,3.7559028608676774,STOP_LOSS,3
2026-08-02 04:00:00+00:00,SHORT,72.55999755859375,73.18142645699638,70.22220222528847,-43.6381057722675,-47.49232646811621,3.854220695848707,STOP_LOSS,3
2026-08-05 03:00:00+00:00,SHORT,73.62999725341797,73.7300033569336,67.80789584539842,-6.781203451091633,-10.530810742322505,3.749607291230872,SIGNAL_EXIT,24
2026-08-05 21:00:00+00:00,LONG,73.69999694824219,74.07071576799665,67.3561021187153,24.970174680710898,21.22833865925426,3.7418360214566384,STOP_LOSS,10
2026-08-08 22:00:00+00:00,LONG,73.77999877929688,76.08285685947963,67.7575909981611,156.03611592383385,152.16972260104166,3.8663933227921934,STOP_LOSS,26
2026-08-09 22:00:00+00:00,LONG,75.95999908447266,77.03785760062081,69.72084989065497,75.14921180772959,71.12085312847668,4.028358679252903,STOP_LOSS,23
2026-08-10 14:00:00+00:00,LONG,76.7699966430664,76.20106751578194,70.73457918497135,-40.242962404539476,-44.2855002376703,4.04253783313082,STOP_LOSS,16
2026-08-11 06:00:00+00:00,LONG,75.9000015258789,76.05714416503906,70.27110485861081,11.04258687418218,7.034122209531226,4.008464664650955,STOP_LOSS,13
2026-08-12 13:00:00+00:00,LONG,76.22000122070312,76.47499738420758,70.05569088751807,17.86393240797134,13.84580082494249,4.0181315830288495,STOP_LOSS,9
2026-08-13 09:00:00+00:00,LONG,75.9000015258789,76.12071010044643,70.61036721480103,15.58431349766819,11.553130028035238,4.0311834696329525,STOP_LOSS,7
2026-08-13 15:00:00+00:00,LONG,76.08000183105469,75.58607155936105,70.64135278108753,-34.89190257196901,-38.89652933174003,4.004626759771013,STOP_LOSS,6
2026-08-14 03:00:00+00:00,LONG,75.58000183105469,75.84714235578265,69.97273710998321,18.692553708212774,14.712129593759284,3.9804241144534895,STOP_LOSS,12
2026-08-14 18:00:00+00:00,LONG,75.44999694824219,75.03106798444476,70.3781479584185,-29.483444598202258,-33.44385530126782,3.9604107030655578,STOP_LOSS,7
2026-08-15 02:00:00+00:00,SHORT,74.88999938964844,75.37964303152901,69.90490498299661,-34.228492261190105,-38.18054734901853,3.9520550878284286,STOP_LOSS,8
2026-08-15 08:00:00+00:00,LONG,75.58999633789062,75.1399974822998,68.14346711104082,-30.664482215959072,-34.50470717632816,3.8402249603690897,STOP_LOSS,6
2026-08-17 10:00:00+00:00,SHORT,75.7699966430664,75.54786137172154,66.96883718078351,14.876140818803636,11.081626498134218,3.7945143206694176,STOP_LOSS,4
2026-08-18 04:00:00+00:00,SHORT,75.73999786376953,75.55071313040597,67.1874917091325,12.717566453529834,8.910519269478684,3.8070471840511493,STOP_LOSS,9
2026-08-19 01:00:00+00:00,LONG,75.76000213623047,76.82500239780971,67.30422653861622,71.67901886901491,67.80103334510598,3.8779855239089396,STOP_LOSS,21
2026-08-21 09:00:00+00:00,LONG,86.52999877929688,92.14928545270647,41.80341107605417,234.90535076273403,232.01623491762592,2.88911584510811,STOP_LOSS,19
2026-08-22 05:00:00+00:00,LONG,90.26000213623048,97.38714218139648,27.437901435816542,195.5537660785258,193.54969197230903,2.0040741062167564,STOP_LOSS,18
2026-08-23 02:00:00+00:00,LONG,94.06999969482422,95.18857301984512,15.145237122362815,16.941058246191403,15.859818113897727,1.0812401322936764,STOP_LOSS,18
2026-08-24 01:00:00+00:00,LONG,92.3000030517578,94.68356977190291,29.47658095287753,70.25939738294217,68.16618645097547,2.093210931966693,STOP_LOSS,20
2026-08-24 13:00:00+00:00,LONG,93.8499984741211,95.02714375087194,40.953253666733666,48.20792912137493,45.28917607893396,2.918753042440968,STOP_LOSS,12
2026-08-25 07:00:00+00:00,LONG,95.0,100.2521449497768,31.639916639919434,166.177428391712,163.79845125982396,2.3789771318880435,STOP_LOSS,18
2026-08-25 13:00:00+00:00,LONG,99.79000091552734,97.21642821175712,25.795457005704183,-66.3864840311587,-68.26729067679709,1.880806645638381,STOP_LOSS,4
2026-08-26 04:00:00+00:00,LONG,97.12000274658205,97.62785993303574,24.684712978698613,12.536308881778792,10.728872105900109,1.8074367758786831,STOP_LOSS,15
2026-08-28 02:00:00+00:00,LONG,104.66000366210938,107.83214133126397,28.90544875937796,91.69206285344076,89.35436052654212,2.33770232689864,STOP_LOSS,18
2026-08-28 18:00:00+00:00,LONG,106.5500030517578,104.00857516697474,26.32490655517062,-66.90285158361903,-68.95636360027432,2.053512016655287,STOP_LOSS,16
2026-08-29 12:00:00+00:00,LONG,103.37999725341795,103.6528560093471,28.009271028456656,7.64257484730706,5.465144144677513,2.1774307026295463,STOP_LOSS,17
2026-09-03 12:00:00+00:00,SHORT,100.13999938964844,101.51785578046525,47.57209813216637,-65.54751943597017,-69.16958248398673,3.6220630480165545,STOP_LOSS,11
2026-09-04 00:00:00+00:00,LONG,105.22000122070312,103.52392959594727,37.788893347795714,-64.09266973812176,-67.02671078895622,2.9340410508344723,STOP_LOSS,6
2026-09-05 12:00:00+00:00,SHORT,101.97000122070312,102.87428637913295,61.48131073921308,-55.596636822282846,-60.34027129824555,4.743634475962701,STOP_LOSS,10
2026-09-14 01:00:00+00:00,SHORT,101.18000030517578,99.86571502685547,60.67567598357438,79.74514769734516,75.20058287221707,4.544564825128093,STOP_LOSS,7
2026-09-14 16:00:00+00:00,SHORT,100.95999908447266,102.08285576956612,55.93195833700408,-62.803573329074304,-67.08584385594364,4.282270526869326,STOP_LOSS,14
2026-09-18 01:00:00+00:00,SHORT,100.23999786376952,101.55892535618372,46.53565373989691,-61.3771530950179,-64.92173633344646,3.5445832384285514,STOP_LOSS,17
2026-09-18 23:00:00+00:00,LONG,105.27999877929688,112.96928678240093,44.66363173050578,343.4315276404356,339.6473136741553,3.7842139662802867,STOP_LOSS,18
2026-09-19 17:00:00+00:00,LONG,113.62999725341795,111.38535227094376,29.72904906966338,-66.73116082794915,-69.21469628042763,2.483535452478471,STOP_LOSS,17
2026-09-22 01:00:00+00:00,LONG,116.79000091552734,118.19071034022741,30.9199096727418,43.30980888948423,40.56897432357646,2.7408345659077664,STOP_LOSS,13
2026-09-24 09:00:00+00:00,LONG,115.1500015258789,113.23964418683732,34.576467092436296,-66.05340766816542,-68.98997779125445,2.936570123089032,STOP_LOSS,19
2026-09-25 13:00:00+00:00,LONG,116.27999877929688,119.69142532348634,32.09487285259582,109.4893011817313,106.60819037375386,2.8811108079774463,STOP_LOSS,22
2026-09-27 14:00:00+00:00,LONG,123.9800033569336,122.48750332423619,44.68346290020996,-66.69006983959675,-70.79494419749264,4.1048743578958895,STOP_LOSS,7
