timestamp,type,strategy,strike,spot_entry,spot_exit,entry_premium,exit_premium,units,gross_pnl,net_pnl,exit_fee,return_pct,reason,holding_hours
2025-12-10 03:00:00+00:00,CALL,outright,138.14657592773438,138.14657592773438,138.26133728027344,5.0156273099294175,6.51583629531909,5.98130565654452,8.388610362955514,8.140515367328742,0.24809499562677273,27.13505122442914,SIGNAL_REVERSAL,12
2025-12-12 04:00:00+00:00,CALL,outright,137.12791442871094,137.12791442871094,137.10487365722656,4.337768208791999,2.6026609252751993,6.970584257515243,-12.366842524682845,-12.65355284686595,0.2867103221831039,-41.84821715032632,STOP_LOSS_PREMIUM,7
2025-12-18 13:00:00+00:00,PUT,outright,122.07418823242188,122.07418823242188,126.49854278564452,4.8067026480972945,2.8840215888583765,6.209780723638222,-12.20806490440189,-12.443723368169476,0.23565846376758603,-41.689513427686556,STOP_LOSS_PREMIUM,19
2025-12-21 23:00:00+00:00,PUT,outright,123.62222290039062,123.62222290039062,125.99151611328124,1.9821145450155815,1.189268727009349,14.867170686984784,-12.05259002211785,-12.614531234668293,0.5619412125504437,-42.80692586001316,STOP_LOSS_PREMIUM,10
2025-12-26 13:00:00+00:00,PUT,outright,119.94737243652344,119.94737243652344,124.85935974121094,2.603179940253089,1.5619079641518534,11.168439669152528,-11.891044367261868,-12.309389635181486,0.4183452679196179,-42.33892503714982,STOP_LOSS_PREMIUM,14
2025-12-29 11:00:00+00:00,CALL,outright,128.73753356933594,128.73753356933594,125.05227661132812,2.585509525879803,1.5513057155278818,11.09727870250761,-11.735076996840682,-12.151398986622377,0.4163219897816946,-42.35099767020323,STOP_LOSS_PREMIUM,10
2026-01-05 22:00:00+00:00,CALL,outright,135.56556701660156,135.56556701660156,138.7650146484375,2.2998517592627152,4.442784860004494,12.311541379323291,25.56234659825333,25.04982323229934,0.5125233659539922,88.4692596056474,SIGNAL_EXIT,22
2026-01-06 23:00:00+00:00,CALL,outright,137.7734832763672,137.7734832763672,141.0961151123047,3.101767320855918,5.78567152328668,9.36601317974857,24.324651997037105,23.928199574911154,0.39645242212595005,82.36563322689169,SIGNAL_REVERSAL,13
2026-01-10 03:00:00+00:00,CALL,outright,138.3495635986328,138.3495635986328,136.06036376953125,4.4406681418147205,2.664400885088832,6.701114595875869,-12.17078727512724,-12.444314102000096,0.2735268268728558,-41.81918846054951,STOP_LOSS_PREMIUM,12
2026-01-15 14:00:00+00:00,CALL,outright,144.81398010253906,144.81398010253906,143.94515991210938,3.7582110381450993,2.2549266228870595,7.81641917199908,-12.014682899689152,-12.352223611985197,0.3375407122960455,-42.04904531798051,STOP_LOSS_PREMIUM,28
2026-01-19 11:00:00+00:00,PUT,outright,137.99720764160156,137.99720764160156,134.03240966796875,3.8113581901817493,6.643081210567303,7.607523962553537,20.784339740478874,20.478443309986513,0.3058964304923593,70.62750192991668,SIGNAL_EXIT,12
2026-01-25 21:00:00+00:00,PUT,outright,126.5103988647461,126.5103988647461,118.64386749267578,1.134612644292856,8.682103183638858,26.088113733171816,193.50229616102823,192.57373774836054,0.9285584126676876,650.5890683021798,SIGNAL_EXIT,12
2026-01-27 01:00:00+00:00,PUT,outright,124.31036376953124,124.31036376953124,124.14363098144533,4.347585562058987,2.6085513372353923,8.130354555702233,-14.457091541043742,-14.759891061757164,0.30279952071342325,-41.756638443632966,STOP_LOSS_PREMIUM,9
2026-01-28 22:00:00+00:00,PUT,outright,126.0640106201172,126.0640106201172,125.48963928222656,2.3022215674619377,1.7267709049680917,15.157324410533391,-9.114890775514661,-9.685516927343118,0.5706261518284568,-27.75576108243543,SIGNAL_EXIT,30
2026-01-31 19:00:00+00:00,PUT,outright,117.15821075439452,117.15821075439452,101.98375701904295,2.547908399420683,15.570089912753161,13.574960750175332,173.60515253351232,173.18982488390566,0.4153276496066778,500.72581260912904,SIGNAL_EXIT,12
2026-02-04 02:00:00+00:00,PUT,outright,101.01750946044922,101.01750946044922,97.67916107177734,3.013272439959911,5.882034906908018,13.197989326584464,36.6974309104877,36.310680352911184,0.3867505575765126,91.30366569375177,SIGNAL_EXIT,12
2026-02-05 09:00:00+00:00,PUT,outright,91.0630111694336,91.0630111694336,92.3708267211914,3.892084671479284,2.583510551526956,10.494750835839278,-14.139858831927896,-14.430681475209711,0.29082264328181656,-35.32908819578614,SIGNAL_EXIT,16
2026-02-06 04:00:00+00:00,PUT,outright,84.4616470336914,84.4616470336914,77.67546844482422,4.549435521661173,9.646057893105592,8.881307817203993,43.97962796827746,43.77267004474626,0.20695792353119982,108.33495362331801,SIGNAL_EXIT,13
2026-02-06 15:00:00+00:00,PUT,outright,79.5937728881836,79.5937728881836,84.4337387084961,6.83074471899741,4.098446831398446,6.1064156121596405,-17.059948773657982,-17.214625023730754,0.15467625007277047,-41.27082518311804,STOP_LOSS_PREMIUM,9
2026-02-07 02:00:00+00:00,PUT,outright,86.20053100585938,86.20053100585938,87.17073822021484,6.881756694959257,4.129054016975553,5.985470712776803,-16.84693623840494,-17.003463608593407,0.15652737018846882,-41.28000793438716,STOP_LOSS_PREMIUM,8
2026-02-07 18:00:00+00:00,PUT,outright,86.76964569091797,86.76964569091797,88.74799346923828,3.6700801539222767,2.202048092353366,11.083083741814669,-16.636404525202902,-16.93148495826418,0.29508043306127674,-41.62544459314649,STOP_LOSS_PREMIUM,12
2026-02-08 06:00:00+00:00,PUT,outright,88.74799346923828,88.74799346923828,87.12532043457031,3.0930587414565403,3.0741956968029527,12.983654503822505,-0.8436256767387674,-1.1829871944559538,0.3393615177171863,-2.945743480872171,SIGNAL_EXIT,12
2026-02-09 17:00:00+00:00,PUT,outright,85.49364471435547,85.49364471435547,87.77950286865234,2.9449364279955237,1.7669618567973142,13.621124586041848,-16.406358507333334,-16.765055170735753,0.3586966634024194,-41.794207786974866,STOP_LOSS_PREMIUM,10
2026-02-12 00:00:00+00:00,PUT,outright,81.05854797363281,81.05854797363281,80.0354232788086,2.1756380552743018,2.49473389172843,18.20151727733572,5.1269092498559585,4.689879407973525,0.43702984188243366,11.843155642084648,SIGNAL_EXIT,17
2026-02-16 20:00:00+00:00,PUT,outright,83.16577911376953,83.16577911376953,85.30694580078125,2.366498723866535,1.419899234319921,16.787387686641853,-16.24847859883371,-16.67810283029003,0.4296242314563177,-41.981432391327075,STOP_LOSS_PREMIUM,5
2026-02-18 11:00:00+00:00,CALL,outright,85.04531860351562,85.04531860351562,83.18732452392578,2.7057890777938876,1.6234734466763325,14.492786429224763,-16.0386990998413,-16.400383938224458,0.36168483838316035,-41.82232604388829,STOP_LOSS_PREMIUM,24
2026-02-23 05:00:00+00:00,PUT,outright,83.0220947265625,83.0220947265625,77.81946563720703,1.2975625075309787,6.049434549408701,29.833875895316705,139.05958957404664,138.36309269002854,0.6964968840180892,357.42283373848977,SIGNAL_REVERSAL,12
2026-02-24 17:00:00+00:00,PUT,outright,80.28910064697266,80.28910064697266,77.99760437011719,3.4993703980665094,2.7058816164566792,12.24217927391464,-10.21092023394743,-10.497378430637882,0.28645819669045275,-24.50373037508383,SIGNAL_EXIT,31
2026-02-28 07:00:00+00:00,PUT,outright,83.03166198730469,83.03166198730469,78.78411865234375,2.659195639206836,5.669248860035715,15.988350596365953,46.766157132448186,46.38826869931638,0.3778884331318098,109.10740110863154,SIGNAL_EXIT,19
2026-02-28 18:00:00+00:00,PUT,outright,78.88301849365234,78.88301849365234,82.55716705322266,3.4418028136913583,2.065081688214815,12.753738307269602,-17.953403627936904,-18.269277379132806,0.31587375119590244,-41.619598171558344,STOP_LOSS_PREMIUM,7
2026-03-01 02:00:00+00:00,PUT,outright,82.55716705322266,82.55716705322266,87.9952163696289,3.8712944171678316,2.322776650300699,11.194891144704723,-17.72553631202247,-18.02106537257629,0.2955290605538204,-41.58190538011835,STOP_LOSS_PREMIUM,8
2026-03-07 13:00:00+00:00,PUT,outright,85.84449768066406,85.84449768066406,84.29141235351562,1.9417762043568112,2.339784072016009,22.036406443557123,7.997256647454993,7.44001270075793,0.5572439466970627,17.387363287044543,SIGNAL_EXIT,24
2026-03-08 06:00:00+00:00,PUT,outright,83.58447265625,83.58447265625,82.45587158203125,1.3461934750840348,1.9195310571333977,31.93890439990179,17.392158438049062,16.60209337814834,0.7900650599007224,38.61316106032264,SIGNAL_EXIT,14
2026-03-11 09:00:00+00:00,CALL,outright,86.02464294433594,86.02464294433594,84.80408477783203,1.9733989335546054,1.1840393601327632,22.027974373732377,-17.779222285234088,-18.339640947116262,0.5604186618821736,-42.18920843123815,STOP_LOSS_PREMIUM,38
2026-03-14 00:00:00+00:00,CALL,outright,89.79511260986328,89.79511260986328,87.96344757080078,3.1594916942393874,1.8956950165436324,13.578999890909328,-17.547219584904877,-17.90555627839525,0.3583366934903736,-41.735230373270305,STOP_LOSS_PREMIUM,24
2026-03-16 15:00:00+00:00,CALL,outright,93.24317932128906,93.24317932128906,93.21768951416016,2.882400768226135,2.6758731746154183,14.694208105800724,-3.624556999494035,-4.035485038152931,0.4109280386588962,-9.527856122977894,SIGNAL_REVERSAL,12
2026-03-19 02:00:00+00:00,PUT,outright,89.11074829101562,89.11074829101562,89.97428894042969,2.320162921538844,1.7318090629797922,18.197515604358696,-11.179297858723167,-11.67049041681853,0.4911925580953641,-27.641303773638505,SIGNAL_EXIT,12
2026-03-22 11:00:00+00:00,PUT,outright,87.46663665771484,87.46663665771484,86.98551940917969,2.0475129699049046,2.2359051149070908,20.44260159714844,3.165609802215832,2.632146706814967,0.5334630954008649,6.288502898314048,SIGNAL_EXIT,12
2026-03-24 07:00:00+00:00,CALL,outright,91.28495025634766,91.28495025634766,91.50603485107422,3.4969838981810217,2.9247786406578484,11.987291082842297,-7.385093574839697,-7.714166417518658,0.32907284267896153,-18.402393786345392,SIGNAL_EXIT,14
2026-03-25 12:00:00+00:00,CALL,outright,90.82242584228516,90.82242584228516,93.08931732177734,2.4090436336580647,3.4838821374913493,17.30067898781229,17.691333021178437,17.208180502324836,0.4831525188535991,41.28831303333546,SIGNAL_EXIT,13
2026-03-26 21:00:00+00:00,PUT,outright,88.13516998291016,88.13516998291016,86.84461975097656,1.8506535428587934,2.4581744373590197,22.79205340441707,13.006246025943497,12.412435862568332,0.5938101633751653,29.427166101186415,SIGNAL_EXIT,12
2026-03-27 16:00:00+00:00,PUT,outright,86.13824462890625,86.13824462890625,83.00403594970703,1.7493955463865756,3.8688254656320993,24.313820000362387,50.1204486701553,49.51500511333986,0.6054435568154356,116.41142740317186,SIGNAL_EXIT,12
2026-04-02 04:00:00+00:00,PUT,outright,85.0394287109375,85.0394287109375,78.93183135986328,1.8311632421231503,6.601404507487871,24.029037071914054,112.24492330286618,111.67592653229612,0.5689967705700669,253.80263984306674,SIGNAL_REVERSAL,12
2026-04-04 15:00:00+00:00,PUT,outright,80.21511840820312,80.21511840820312,80.95256042480469,1.1456412068048514,0.6873847240829108,41.31570705056655,-19.359187382531367,-20.36257106398272,1.0033836814513553,-43.01984066068759,STOP_LOSS_PREMIUM,20
2026-04-05 12:00:00+00:00,PUT,outright,81.0739974975586,81.0739974975586,78.96603393554688,1.1241959423606422,2.4350262614907194,41.53392686727007,52.92688757017935,51.94295672663614,0.9839308435432109,111.24529700765054,SIGNAL_EXIT,20
2026-04-06 12:00:00+00:00,CALL,outright,82.38420867919922,82.38420867919922,82.25397491455078,1.8231008029608429,1.555741949176749,26.44958237340941,-7.688760898970497,-8.341435884483326,0.6526749855128285,-17.298614261149222,SIGNAL_EXIT,12
2026-04-07 17:00:00+00:00,PUT,outright,80.36683654785156,80.36683654785156,80.0321273803711,1.919368274545183,1.6932209136109364,24.98238674208888,-6.284211327116433,-6.884029394518998,0.5998180674025654,-14.356562860132616,SIGNAL_EXIT,19
2026-04-08 09:00:00+00:00,CALL,outright,82.86669158935547,82.86669158935547,84.67164611816406,2.477516007296684,3.518133594234172,19.26357275362134,19.02943525792583,18.54011173337599,0.48932352454983996,38.84713908422681,SIGNAL_EXIT,12
2026-04-08 22:00:00+00:00,CALL,outright,84.15310668945312,84.15310668945312,82.69324493408203,2.6718661171618696,1.6031196702971218,18.065144102808972,-19.74146738984622,-20.18962700566514,0.44815961581892094,-41.82848864398102,STOP_LOSS_PREMIUM,9
2026-04-10 06:00:00+00:00,CALL,outright,83.9858169555664,83.9858169555664,83.17869567871094,2.018956864852236,1.4929251971204494,23.600442539057322,-12.943085577974799,-13.532001786326544,0.5889162083517459,-28.399772396037353,SIGNAL_EXIT,12
2026-04-11 00:00:00+00:00,CALL,outright,84.16765594482422,84.16765594482422,84.71186828613281,2.1748672607795645,1.6388472896444881,21.713728168053372,-12.172774214219235,-12.724597358391144,0.5518231441719087,-26.944919882399194,SIGNAL_EXIT,12
2026-04-14 05:00:00+00:00,CALL,outright,83.52738189697266,83.52738189697266,85.54415893554688,1.6576801253550775,3.3439921221117217,28.248085696852257,46.21816515548657,45.49322753574362,0.7249376197429434,97.1531746451587,SIGNAL_EXIT,15
2026-04-14 19:00:00+00:00,CALL,outright,86.23676300048828,86.23676300048828,83.86100769042969,2.7356594486743555,1.6413956692046132,17.60813163006701,-19.701469331923494,-20.14446003053644,0.44299069861294427,-41.81964306154117,STOP_LOSS_PREMIUM,5
2026-04-16 05:00:00+00:00,CALL,outright,84.56999969482422,84.56999969482422,85.41000366210938,1.5996384550467924,1.6112934051150702,29.72662447685352,-0.37201238566212286,-1.1336977172911855,0.7616853316290627,-2.384129487932665,SIGNAL_EXIT,13
2026-04-17 20:00:00+00:00,CALL,outright,88.94000244140625,88.94000244140625,89.02999877929688,2.804343145077412,1.9676829687883313,16.936306449571063,-14.669812366109037,-15.12216416886837,0.45235180275933284,-31.83934255770427,SIGNAL_EXIT,12
2026-04-19 18:00:00+00:00,CALL,outright,86.36000061035156,86.36000061035156,85.13999938964844,1.342056097075754,0.8052336582454523,35.04174917572884,-19.234449191595843,-20.12948554262597,0.89503635103013,-42.8031991190643,STOP_LOSS_PREMIUM,5
2026-04-22 17:00:00+00:00,CALL,outright,88.0199966430664,88.0199966430664,87.87000274658203,1.8743545034804472,1.6674249719888152,24.753520548931498,-5.741353984577778,-6.393881560164433,0.6525275755866555,-13.78084596141251,SIGNAL_EXIT,12
2026-04-25 23:00:00+00:00,PUT,outright,85.70999908447266,85.70999908447266,86.19999694824219,0.9994978970725882,0.5996987382435529,46.20864852561648,-18.889847834419292,-20.084803442986452,1.1949556085671609,-43.48729899884868,STOP_LOSS_PREMIUM,4
2026-04-28 00:00:00+00:00,PUT,outright,85.98999786376953,85.98999786376953,84.80999755859375,1.5301026945805372,2.1226622528559744,29.76745168605258,16.69119433120727,15.933821079761367,0.7573732514459031,34.983052255963806,SIGNAL_EXIT,19
2026-04-29 18:00:00+00:00,PUT,outright,84.58000183105469,84.58000183105469,82.26000213623047,0.9379143173866744,2.796594847999472,49.04737510376488,89.10591663518434,87.89552548094069,1.2103911542436587,191.06794448400834,SIGNAL_EXIT,15
2026-05-01 13:00:00+00:00,PUT,outright,83.81999969482422,83.81999969482422,84.5999984741211,0.8929875790166963,0.5357925474100178,54.42602607565558,-19.878121991666895,-21.259454508552775,1.381332516885881,-43.74214474407171,STOP_LOSS_PREMIUM,7
2026-05-03 06:00:00+00:00,PUT,outright,84.5999984741211,84.5999984741211,83.73999786376953,0.8782022015602785,1.0388448810082238,54.569350469627416,7.915830319245195,6.544939131719028,1.3708911875261671,13.65722001841949,SIGNAL_EXIT,41
2026-05-05 09:00:00+00:00,CALL,outright,84.43000030517578,84.43000030517578,84.54000091552734,1.9266105902844195,1.415524436128898,24.954561671072845,-13.283787830679746,-13.91668543063547,0.6328975999557245,-28.946224202462446,SIGNAL_EXIT,14
2026-05-08 09:00:00+00:00,CALL,outright,88.41000366210938,88.41000366210938,88.35401153564453,1.8882690043182884,1.2364935547761249,25.23012340756484,-16.91232830066474,-17.581083085044057,0.6687547843793157,-36.90306067254815,SIGNAL_EXIT,13
2026-05-13 11:00:00+00:00,CALL,outright,93.86000061035156,93.86000061035156,94.3000030517578,1.212955042726119,0.7277730256356715,38.82563697456556,-19.26134463153936,-20.35972193709575,1.0983773055563917,-43.232320648252994,STOP_LOSS_PREMIUM,69
2026-05-18 07:00:00+00:00,PUT,outright,86.8499984741211,86.8499984741211,84.7300033569336,0.9295690950103959,2.4433312291301377,49.96956458403927,73.81065176095628,72.54047534847123,1.270176412485047,156.16839807475256,SIGNAL_EXIT,22
2026-05-19 14:00:00+00:00,PUT,outright,85.5199966430664,85.5199966430664,84.05000305175781,2.0582873865685323,2.4753051209620622,23.60570190367554,8.967526604548729,8.372308809435884,0.5952177951128443,17.23146918054353,SIGNAL_EXIT,14
2026-05-21 17:00:00+00:00,PUT,outright,86.08999633789062,86.08999633789062,87.52999877929688,1.542952904829785,0.9257717428978709,31.640835410444975,-19.967510433284968,-20.79836711874062,0.8308566854556545,-42.601866567125455,STOP_LOSS_PREMIUM,18
2026-05-23 07:00:00+00:00,PUT,outright,86.66999816894531,86.66999816894531,82.13999938964844,1.746423736048821,4.944918429495985,27.583141058635285,86.17858456618603,85.49888080926976,0.6797037569162666,177.48721877776734,SIGNAL_EXIT,16
2026-05-23 20:00:00+00:00,PUT,outright,84.0,84.0,86.94999694824219,2.301999902016098,1.381199941209659,22.030975310806724,-20.74255892977963,-21.317236900592064,0.5746779708124331,-42.03314509968604,STOP_LOSS_PREMIUM,5
2026-05-24 08:00:00+00:00,PUT,outright,85.63999938964844,85.63999938964844,86.41000366210938,2.659523859950634,1.5957143159703804,18.82259123006049,-20.47418436731936,-20.962122420455334,0.4879380531359744,-41.87472338898716,STOP_LOSS_PREMIUM,9
2026-05-25 06:00:00+00:00,PUT,outright,85.1500015258789,85.1500015258789,85.88999938964844,2.077368029125928,1.2464208174755569,23.787676722024457,-20.211045475792318,-20.82398253753307,0.6129370617407505,-42.140367592820624,STOP_LOSS_PREMIUM,16
2026-05-28 16:00:00+00:00,PUT,outright,82.3499984741211,82.3499984741211,81.94000244140625,1.571307557968155,1.9452606498830605,31.03963301116925,10.701664086179123,9.938647804764456,0.7630162814146687,20.37743532833734,SIGNAL_REVERSAL,19
2026-05-31 19:00:00+00:00,PUT,outright,82.54000091552734,82.54000091552734,81.45999908447266,0.7402626941270203,1.5178432007613125,66.25751202471781,50.01202205661661,48.39282099595472,1.6192010606618845,98.66428021998999,SIGNAL_EXIT,12
2026-06-08 02:00:00+00:00,PUT,outright,65.0,65.0,66.43000030517578,2.087278780395351,1.2523672682372105,24.170479480448343,-20.634266332992123,-21.11595982077085,0.4816934877787285,-41.85478382086451,STOP_LOSS_PREMIUM,17
2026-06-08 19:00:00+00:00,PUT,outright,66.43000030517578,66.43000030517578,67.41999816894531,2.1606737221667918,1.296404233300075,23.049713566404627,-20.36939035621837,-20.835593850150886,0.46620349393251415,-41.83609688696544,STOP_LOSS_PREMIUM,17
2026-06-10 01:00:00+00:00,PUT,outright,64.08999633789062,64.08999633789062,65.06999969482422,1.7473715738562745,1.0484229443137647,28.136008731150373,-20.1081013001609,-20.657344324025757,0.5492430238648578,-42.017163641695646,STOP_LOSS_PREMIUM,9
2026-06-11 17:00:00+00:00,PUT,outright,65.06999969482422,65.06999969482422,67.08000183105469,1.5949841823055046,0.9569905093833028,30.425450569953885,-19.84799797102513,-20.46027975500808,0.6122817839829511,-42.161705336803266,STOP_LOSS_PREMIUM,40
2026-06-17 08:00:00+00:00,CALL,outright,72.91999816894531,72.91999816894531,72.27999877929688,2.2055755974978277,1.3233453584986965,21.716093523952612,-19.589662753308893,-20.06055451732961,0.4708917640207175,-41.88314470192675,STOP_LOSS_PREMIUM,18
2026-06-18 15:00:00+00:00,CALL,outright,72.27999877929688,72.27999877929688,68.3499984741211,1.6756366717719817,1.005382003063189,28.216389789554825,-19.337690747843748,-19.916267807562132,0.5785770597183834,-42.12371394035871,STOP_LOSS_PREMIUM,31
2026-06-25 10:00:00+00:00,PUT,outright,66.45999908447266,66.45999908447266,68.20999908447266,1.7053780139973533,1.5158072032010423,27.363185014451712,-5.80942086337051,-6.369353710805711,0.5599328474352021,-13.649227130826006,SIGNAL_EXIT,18
2026-06-30 11:00:00+00:00,CALL,outright,74.29000091552734,74.29000091552734,73.27999877929688,2.0451007806148507,1.2270604683689104,22.716301773664874,-19.00096473441186,-19.500359904285148,0.49939516987329036,-41.97495923145556,STOP_LOSS_PREMIUM,11
2026-07-05 23:00:00+00:00,CALL,outright,80.37000274658203,80.37000274658203,81.5199966430664,1.2560470487970536,1.8851859543925045,36.50892487672194,21.93679335559386,21.043931125576158,0.8928622300177008,45.89040815299716,SIGNAL_EXIT,13
2026-07-07 19:00:00+00:00,CALL,outright,81.43000030517578,81.43000030517578,81.27999877929688,2.0553733667211316,1.7015071204943624,22.60505951408365,-8.57610760181768,-9.127309364730877,0.5512017629131956,-19.644744804302835,SIGNAL_EXIT,12
2026-07-08 21:00:00+00:00,PUT,outright,77.12000274658203,77.12000274658203,77.16999816894531,1.9364876689262651,1.357275133939659,23.842884294235915,-14.295517763066224,-14.847504364264791,0.5519866011985681,-32.15732645442917,SIGNAL_EXIT,12
2026-07-12 14:00:00+00:00,PUT,outright,78.12000274658203,78.12000274658203,77.5,0.8930222368393427,1.6089598112615064,51.185150314458035,35.41004961572681,34.21999487091566,1.1900547448111491,74.86411308406376,SIGNAL_EXIT,18
2026-07-14 13:00:00+00:00,PUT,outright,74.9800033569336,74.9800033569336,76.86000061035156,1.5758908094131177,0.9455344856478706,29.63408996182048,-19.100336816607157,-19.783639668372977,0.6833028517658205,-42.36317245112258,STOP_LOSS_PREMIUM,11
2026-07-14 22:00:00+00:00,PUT,outright,76.86000061035156,76.86000061035156,77.56999969482422,1.822842651398667,1.0937055908392002,25.28280930515733,-18.849412507785534,-19.43776876081114,0.5883562530256058,-42.176632401079246,STOP_LOSS_PREMIUM,9
2026-07-15 12:00:00+00:00,PUT,outright,77.56999969482422,77.56999969482422,78.20999908447266,1.4813636655028262,0.8888181993016957,30.705465520992373,-18.603758030655495,-19.32420035974103,0.720442329085536,-42.483878440637845,STOP_LOSS_PREMIUM,14
2026-07-22 05:00:00+00:00,CALL,outright,78.43000030517578,78.43000030517578,77.37999725341797,1.051348322594063,0.6308089935564377,42.69260488954654,-18.357882601958504,-19.348948696686815,0.9910660947283108,-43.108021706711625,STOP_LOSS_PREMIUM,5
2026-07-23 02:00:00+00:00,CALL,outright,77.37999725341797,77.37999725341797,77.7300033569336,1.1246946814141132,1.269968686182736,39.365523265476185,4.9688924866528215,4.050927809980948,0.9179646766718733,9.149636356367871,SIGNAL_EXIT,21
2026-07-24 13:00:00+00:00,PUT,outright,75.62999725341797,75.62999725341797,74.11000061035156,1.0570216011793006,1.8924819064289977,41.974835231204,33.87675941206155,32.94353289268037,0.9332265193811803,74.2501454648159,SIGNAL_REVERSAL,12
2026-07-25 10:00:00+00:00,PUT,outright,73.87000274658203,73.87000274658203,73.91999816894531,0.9574691205383209,0.8065120581192531,47.34151895839816,-7.719259220760831,-8.769104719176795,1.0498454984159646,-19.345871189808946,SIGNAL_REVERSAL,12
2026-07-28 16:00:00+00:00,PUT,outright,73.30000305175781,73.30000305175781,74.3499984741211,1.880258804602989,1.146869018597311,23.950689770475382,-17.97721580653423,-18.511435930900927,0.5342201243666976,-41.10592748906548,SIGNAL_EXIT,14
2026-07-29 19:00:00+00:00,PUT,outright,74.2300033569336,74.2300033569336,72.66999816894531,1.880323007694615,2.3772255220332568,23.646124515137465,10.906636165517984,10.391127017952677,0.5155091475653077,23.370619316956716,SIGNAL_EXIT,24
2026-07-30 19:00:00+00:00,PUT,outright,74.5999984741211,74.5999984741211,74.7300033569336,1.770207622628123,1.0621245735768736,25.28420279062746,-18.306140001425995,-18.872986569252287,0.566846567826294,-42.16646166926996,STOP_LOSS_PREMIUM,6
2026-07-31 22:00:00+00:00,PUT,outright,73.58000183105469,73.58000183105469,72.7699966430664,0.9964136551042836,1.2422739976815933,44.334120548495186,10.073875188404623,9.106017047358433,0.9678581410461887,20.613450304198157,SIGNAL_EXIT,14
2026-08-10 06:00:00+00:00,CALL,outright,75.80999755859375,75.80999755859375,76.94000244140625,1.3306205747022375,1.5279750450483718,33.38212674253928,5.823006093102736,5.052479819181644,0.7705262739210913,11.374605715220973,SIGNAL_EXIT,28
2026-08-13 22:00:00+00:00,CALL,outright,76.08000183105469,76.08000183105469,76.19000244140625,1.1544434798863987,1.095101018547986,38.58806736851073,-2.9237783741257295,-3.8057858582305237,0.8820074841047942,-8.543162057510129,SIGNAL_EXIT,13
2026-08-14 18:00:00+00:00,CALL,outright,75.44999694824219,75.44999694824219,74.88999938964844,1.1413839892656659,0.6848303935593995,38.90640450081415,-18.16252319544327,-19.036633378239088,0.874110182795816,-42.86839976976979,STOP_LOSS_PREMIUM,7
2026-08-15 19:00:00+00:00,CALL,outright,75.58999633789062,75.58999633789062,75.4800033569336,0.9389522113863421,0.5633713268318052,46.6579962767052,-17.918138172193036,-18.974661886871086,1.056523714678051,-43.31162443971953,STOP_LOSS_PREMIUM,17
2026-08-22 00:00:00+00:00,CALL,outright,90.83000183105467,90.83000183105467,93.87000274658205,3.1509128172444774,4.875402798675935,13.713056987765013,22.645179243951127,22.259005834819465,0.38617340913166137,51.51516505768815,SIGNAL_REVERSAL,12
2026-08-22 22:00:00+00:00,CALL,outright,92.86000061035156,92.86000061035156,93.58999633789062,4.903158919287481,4.701764335922036,8.94631561215029,-2.432691520611449,-2.683877214225077,0.2511856936136278,-6.118464692742172,SIGNAL_EXIT,12
2026-08-25 00:00:00+00:00,CALL,outright,92.3000030517578,92.3000030517578,101.75,3.2375033468858305,9.562353129744011,13.521905427618924,83.58450208741598,83.17174592423791,0.4127561631780676,189.9886680218752,SIGNAL_EXIT,43
2026-08-25 20:00:00+00:00,CALL,outright,99.79000091552734,99.79000091552734,96.66000366210938,3.564161947260431,2.1384971683562584,12.979526321542508,-18.92080372776115,-19.297184046292973,0.37638031853182313,-41.7135994247097,STOP_LOSS_PREMIUM,11
2026-08-29 11:00:00+00:00,CALL,outright,104.1500015258789,104.1500015258789,103.51000213623048,2.728582885969498,1.7197974686845328,16.737831743967455,-17.31666579025189,-17.83642569012407,0.5197598998721813,-39.05453579715866,SIGNAL_EXIT,12
2026-09-03 14:00:00+00:00,PUT,outright,101.0500030517578,101.0500030517578,104.83000183105467,2.271869490743461,1.3631216944460767,19.860198594657177,-18.45398972032889,-19.0785731168418,0.6245833965129064,-42.28427848419342,STOP_LOSS_PREMIUM,12
2026-09-06 17:00:00+00:00,CALL,outright,106.37000274658205,106.37000274658205,106.1999969482422,2.1423291846471133,2.192189212879292,20.785489239824777,0.35287920087787106,-0.30934646727326265,0.6622256681511337,-0.6947022498755223,SIGNAL_REVERSAL,12
2026-09-14 16:00:00+00:00,PUT,outright,100.95999908447266,100.95999908447266,102.58999633789062,2.134211541794656,1.2805269250767934,20.850876484005447,-18.200574130717975,-18.842301533358754,0.6417274026407785,-42.34207817728729,STOP_LOSS_PREMIUM,14
2026-09-17 23:00:00+00:00,PUT,outright,100.63999938964844,100.63999938964844,101.54000091552734,1.829987699806347,1.0979926198838081,23.997957072120812,-17.961630201346885,-18.692655976269066,0.7310257749221799,-42.56460136742349,STOP_LOSS_PREMIUM,11
2026-09-19 13:00:00+00:00,CALL,outright,113.62999725341795,113.62999725341795,111.58000183105467,3.8391607830018377,2.3034964698011025,11.287219432322273,-17.723381129226546,-18.101209518704355,0.3778283894778105,-41.77190931667996,STOP_LOSS_PREMIUM,13
2026-09-22 02:00:00+00:00,CALL,outright,118.0199966430664,118.0199966430664,116.88999938964844,3.5715288561584653,2.3723127045951102,11.977747494315892,-14.79013269282909,-15.210156362019074,0.42002366918998424,-35.555301191519575,SIGNAL_EXIT,12
2026-09-25 03:00:00+00:00,CALL,outright,116.27999877929688,116.27999877929688,116.83999633789062,2.7648157266899602,2.7641602666147875,15.30295244813662,-0.6445276711475398,-1.1809267435472988,0.536399072399759,-2.791139468385093,SIGNAL_EXIT,12
2026-09-27 19:00:00+00:00,CALL,outright,123.9800033569336,123.9800033569336,123.0199966430664,3.0354405821697403,2.43242053010227,13.921669623081874,-8.902996266044232,-9.416789391133456,0.5137931250892234,-22.28382802105199,SIGNAL_EXIT,12
