exit_time,side,entry_price,exit_price,units,holding_bars,gross_pnl,exit_fee,net_pnl,pnl_pct,exit_reason,equity_after
2026-08-23 21:35:00+00:00,LONG,95.61000061035156,95.97942897251674,31.377470775533016,6,11.591727637490981,1.8069550365824945,9.784772600908488,0.32615908669684085,STOP_LOSS,1007.9847726009085
2026-08-23 22:00:00+00:00,LONG,95.4000015258789,95.11380152130127,31.697633851530135,5,-9.071862953408184,1.8089294729095904,-10.880792426317774,-0.35981999999988123,STOP_LOSS,995.2896075839092
2026-08-24 02:25:00+00:00,LONG,93.8499984741211,94.77999877929688,31.81533160679884,6,29.5882681035916,1.8092742545131912,27.778993849078407,0.9303487694234484,SIGNAL_EXIT,1021.2770801393366
2026-08-24 05:20:00+00:00,LONG,94.48999786376953,94.20652787017822,32.42492654974205,2,-9.1914937212541,1.8327838480180534,-11.024277569272153,-0.3598199999998848,STOP_LOSS,1008.4145038258137
2026-08-24 07:10:00+00:00,LONG,93.98999786376953,95.30999755859375,32.1868664776679,6,42.486653927869504,1.840638099243186,40.64601582862632,1.3435617884777333,SIGNAL_EXIT,1047.2453735475535
2026-08-24 08:55:00+00:00,LONG,93.36000061035156,93.91999816894531,33.65184340299063,6,18.844950147853943,1.8963486424743083,16.948601505379635,0.5394661058264596,SIGNAL_EXIT,1062.3089333805476
2026-08-24 11:45:00+00:00,LONG,96.20999908447266,95.92136908721923,33.124694215447526,1,-9.560780400425102,1.9064196118447307,-11.467200012269833,-0.3598199999998925,STOP_LOSS,1048.9295772881928
2026-08-24 12:10:00+00:00,LONG,95.62999725341797,95.31713921683175,32.90587495810168,5,-10.294867431543373,1.8818963186598208,-12.176763750203195,-0.38695841341036524,STOP_LOSS,1034.8647402988709
2026-08-24 14:10:00+00:00,LONG,94.83999633789062,95.62999725341797,32.73507318405768,6,25.86073778526017,1.8782729752091234,23.982464810051045,0.7724830719783129,SIGNAL_EXIT,1056.9844485763838
2026-08-24 17:20:00+00:00,LONG,95.91999816894531,95.49142783028739,33.05831324291838,6,-14.167812501977133,1.8940713199363046,-16.061883821913437,-0.5065316979053498,STOP_LOSS,1039.0199927470328
2026-08-24 17:50:00+00:00,LONG,95.05000305175781,95.25,29.32719241939667,6,5.865348984390749,1.6760490467685196,4.18929993762223,0.15028610589770466,SIGNAL_EXIT,1041.5367628472773
2026-08-25 00:15:00+00:00,LONG,100.54000091552734,99.913572038923,24.939860722804653,1,-15.623048935255488,1.4950983425811892,-17.118147277836677,-0.6826904849584371,STOP_LOSS,1022.9141433974983
2026-08-25 00:50:00+00:00,LONG,99.73999786376953,102.11000061035156,22.852330141862453,7,54.160085202013356,1.400070866840118,52.76001433517324,2.3147551590769124,SIGNAL_EXIT,1074.3065829169527
2026-08-25 01:40:00+00:00,LONG,102.0999984741211,101.45142636980329,24.84626782383814,3,-16.114596206950534,1.5124135864167165,-17.62700979336725,-0.6948510976904958,STOP_LOSS,1055.1574907794445
2026-08-25 14:20:00+00:00,LONG,96.62999725341797,97.80000305175781,31.121233556377188,6,36.41202371244982,1.826194042072894,34.58582967037693,1.150083647000321,SIGNAL_EXIT,1087.938973621976
2026-08-26 15:30:00+00:00,LONG,95.20999908447266,95.94542933872768,34.28019065487217,6,25.210689329223253,1.9734165661170904,23.237272763106162,0.7119661833524025,STOP_LOSS,1109.2179562325625
2026-08-26 17:55:00+00:00,LONG,96.68000030517578,97.00028904506138,34.41925794573607,7,11.024100755237155,2.0032067816717545,9.0208939735654,0.2710887108307665,STOP_LOSS,1116.2422578849091
2026-08-26 21:40:00+00:00,LONG,97.51000213623047,97.63171081542968,34.342392578109546,6,4.1797672412226685,2.0117439245375697,2.168023316685099,0.06474172015886258,STOP_LOSS,1116.4010451374013
2026-08-26 22:20:00+00:00,LONG,98.45999908447266,100.0345692225865,34.01587615838583,4,53.56038282077291,2.0416581109397858,51.51872470983312,1.538238280177564,STOP_LOSS,1165.910247965987
2026-08-26 23:55:00+00:00,LONG,100.87999725341797,102.0999984741211,33.678190747085715,6,41.08743382251726,2.0631259343331663,39.0243078881841,1.148633280299828,SIGNAL_EXIT,1202.8960823801315
2026-08-27 09:30:00+00:00,LONG,104.19000244140625,104.9597165788923,32.34420090729432,13,24.895788704033496,2.0369028961202176,22.85888580791328,0.678316816372045,STOP_LOSS,1223.733002765147
2026-08-27 14:50:00+00:00,LONG,106.44000244140625,106.98342917306083,28.842175306175456,4,15.67360906044328,1.8513808914391352,13.822228169004145,0.4502411341209783,STOP_LOSS,1235.713254208148
2026-08-27 15:30:00+00:00,LONG,106.70999908447266,107.00428248814174,25.744017637399754,8,7.57603713445093,1.6528320813912158,5.923205053059714,0.21561319103187418,STOP_LOSS,1239.9881728020973
2026-08-27 17:25:00+00:00,LONG,109.33000183105469,108.82500076293945,34.025102497982886,7,-17.182713104211686,2.221669083181248,-19.404382187392933,-0.5216281524024037,STOP_LOSS,1218.3518119036607
2026-08-27 18:50:00+00:00,LONG,107.31999969482422,107.7699966430664,34.057542360273196,6,15.325790126751965,2.2022287355026404,13.123561391249325,0.3590523214237635,SIGNAL_EXIT,1229.2823400334835
2026-08-28 02:20:00+00:00,LONG,107.43000030517578,107.03714370727539,34.32790663338364,2,-13.485944613033348,2.2046166452924503,-15.690561258325799,-0.42546670653096025,STOP_LOSS,1211.3790705630975
2026-08-28 02:50:00+00:00,LONG,107.02999877929688,106.62428501674107,33.954379642506865,6,-13.77575912000971,2.1722168715415697,-15.94797599155128,-0.43883802571487474,STOP_LOSS,1193.2506122445327
2026-08-28 03:05:00+00:00,LONG,106.4800033569336,106.0885740007673,33.61900567126999,3,-13.159465744856357,2.139955422593245,-15.299421167449601,-0.4273877594097565,STOP_LOSS,1175.803339975043
2026-08-28 03:35:00+00:00,LONG,105.9800033569336,106.97000122070312,33.28373191351058,6,32.95082349265324,2.136216506050669,30.814606986602573,0.8735759895371589,SIGNAL_EXIT,1204.5015009496904
2026-08-28 16:00:00+00:00,LONG,105.66000366210938,104.86714608328683,22.787850667092876,2,-18.06752010648106,1.433818118898092,-19.50133822537915,-0.8099354881804296,STOP_LOSS,1183.555504093349
2026-08-28 16:20:00+00:00,LONG,104.58999633789062,103.81356757027763,22.86536886634298,4,-17.753330169911298,1.4242413094952513,-19.17757147940655,-0.8019093006230135,STOP_LOSS,1162.9430393063453
2026-08-28 17:00:00+00:00,LONG,103.37000274658203,105.01714673723494,20.133393603932756,8,33.162598286167515,1.268610930253628,31.893987355913886,1.5324887883513043,STOP_LOSS,1193.5883132909773
2026-08-28 19:35:00+00:00,LONG,102.56999969482422,103.72000122070312,34.91045091670816,10,40.14707182333504,2.17254720701776,37.97452461631728,1.0605143106001886,SIGNAL_EXIT,1229.4143789433708
2026-08-29 19:35:00+00:00,LONG,105.52999877929688,105.61999816894532,34.94971268353393,5,3.145452809906408,2.214833153784011,0.9306196561223969,0.025232058234695785,STOP_LOSS,1228.1320527173953
2026-08-30 14:00:00+00:00,LONG,106.0999984741211,107.06600167410714,34.72569473269925,13,33.545132233526125,2.230764774231427,31.314367459294697,0.849918578652278,STOP_LOSS,1257.2357824817987
2026-08-30 16:25:00+00:00,LONG,107.0,106.679,35.24960137799435,3,-11.315122042336116,2.2562353352418354,-13.57135737757795,-0.3598199999999027,STOP_LOSS,1241.4014006957534
2026-08-30 21:45:00+00:00,LONG,104.02999877929688,104.20999908447266,35.79932947983864,6,6.443890231459298,2.2383888553912317,4.2055013760680655,0.11292349043884138,SIGNAL_EXIT,1243.3723795505691
2026-08-30 23:25:00+00:00,LONG,102.52999877929688,102.1907125200544,36.38073913061337,1,-12.343484888101981,2.2306641922581627,-14.574149080360144,-0.3907155871685099,STOP_LOSS,1226.560160187018
2026-08-30 23:45:00+00:00,LONG,101.66999816894531,101.26428331647601,36.19239251334026,4,-14.683791189060912,2.198998013623196,-16.88278920268411,-0.4588112824433425,STOP_LOSS,1207.4695626959974
2026-08-31 00:05:00+00:00,LONG,100.91999816894531,101.39742736816406,35.1202559179721,4,16.767435659274888,2.1366621591563457,14.630773500118542,0.41279305425703305,STOP_LOSS,1219.973734498355
2026-08-31 01:00:00+00:00,LONG,101.26000213623047,102.12314671107701,27.999388177915325,11,24.16752000479007,1.7156313760281852,22.451888628761886,0.7918928203663432,STOP_LOSS,1240.7244922630916
2026-09-01 06:05:00+00:00,LONG,104.16000366210938,104.01000213623047,35.735151170538046,7,-5.36032720309409,2.2300878897517085,-7.590415092845799,-0.2039242700582351,SIGNAL_EXIT,1230.9007730841722
2026-09-01 08:25:00+00:00,LONG,102.61000061035156,102.30217060852051,35.98774288361116,4,-11.078106957757381,2.2089745273768555,-13.287081485134237,-0.359819999999898,STOP_LOSS,1215.3980702074864
2026-09-01 18:35:00+00:00,LONG,99.20999908447266,98.86785725184849,36.7522854981371,1,-12.574494313459148,2.1801718297854,-14.754666143244549,-0.4046593596209364,STOP_LOSS,1198.4556875378685
2026-09-01 19:05:00+00:00,LONG,98.63999938964844,99.68000030517578,36.4493824499244,6,37.90739111832767,2.17996467223916,35.727426446088515,0.993707341250075,SIGNAL_EXIT,1232.0258937463886
2026-09-02 03:30:00+00:00,LONG,100.04000091552734,100.34371337890624,36.94599807491098,6,11.220960087323332,2.2243791847958936,8.99658090252744,0.24340886957518612,STOP_LOSS,1238.8048280401727
2026-09-02 17:55:00+00:00,LONG,98.23999786376953,99.26000213623047,37.82995281895374,8,38.58671350232851,2.2530007185737073,36.3337127837548,0.9776550204233563,SIGNAL_EXIT,1272.9086921334551
2026-09-02 18:35:00+00:00,LONG,99.51000213623047,99.21147212982177,38.3752989088723,6,-11.456178229201315,2.2843619389026983,-13.740540168104014,-0.3598199999999115,STOP_LOSS,1256.8769163195109
2026-09-03 07:15:00+00:00,LONG,100.94000244140625,101.02999877929688,37.355167998408874,7,3.361828321145867,2.264395546367807,1.09743277477806,0.02910475323209215,STOP_LOSS,1255.711970644914
2026-09-03 12:05:00+00:00,LONG,100.81999969482422,100.73999786376953,37.36496650801056,6,-2.9892657379379175,2.258487987718082,-5.247753725656,-0.13930354116051638,SIGNAL_EXIT,1248.203935372097
2026-09-03 15:05:00+00:00,LONG,103.80999755859375,104.86086011614118,36.07178397247057,4,37.90648716060891,2.26951097596614,35.63697618464277,0.9516867977189336,STOP_LOSS,1281.59414447307
2026-09-03 16:15:00+00:00,LONG,104.58000183105469,104.7768541608538,32.078067662495364,8,6.314642354815833,2.016623410341166,4.298018944474666,0.12811839257663413,STOP_LOSS,1283.8793287926164
2026-09-03 18:20:00+00:00,LONG,105.04000091552734,104.81999969482422,36.6682973420318,10,-8.06707017635215,2.306142549720898,-10.373212726073048,-0.26931951452232705,SIGNAL_EXIT,1271.1951332747167
2026-09-03 22:10:00+00:00,LONG,105.05999755859375,104.86000061035156,36.29911944074859,7,-7.259713112028378,2.2837954120272728,-9.543508524055651,-0.2502502900418387,SIGNAL_EXIT,1259.3634735107667
2026-09-04 13:10:00+00:00,LONG,101.62000274658203,101.14643151419503,37.17860970692973,8,-17.60672001734606,2.2562902203089723,-19.863010237655033,-0.5257420555554424,STOP_LOSS,1237.233609020792
2026-09-04 13:50:00+00:00,LONG,101.08999633789062,101.74885406494141,26.45817010014143,8,17.432169814102274,1.6152530930068119,15.816916721095462,0.5913625841012397,STOP_LOSS,1251.4457319507692
2026-09-05 17:00:00+00:00,LONG,103.33999633789062,103.37000274658203,36.32995286333045,6,1.0901314133566182,2.253256396359398,-1.1631249830027799,-0.030980834227875422,SIGNAL_EXIT,1248.030004650255
2026-09-05 17:15:00+00:00,LONG,103.75,103.89000331333705,36.08761459229653,2,5.052385613351884,2.24948543973847,2.802900173613414,0.07486198684243288,STOP_LOSS,1248.586450815498
2026-09-05 22:05:00+00:00,LONG,103.93000030517578,103.61821030426026,36.04117522801501,5,-11.237278057339292,2.240713244633492,-13.477991301972784,-0.35981999999989894,STOP_LOSS,1232.8610039020575
2026-09-06 02:15:00+00:00,LONG,103.87000274658203,104.08028520856585,35.60780700785992,8,7.487697323457612,2.223642425417778,5.264054898039834,0.1423262606619198,STOP_LOSS,1235.9059089930736
2026-09-06 03:45:00+00:00,LONG,106.77999877929688,106.36428397042411,34.722960941802285,2,-14.43484907141778,2.2159697267446816,-16.65081879816246,-0.4490853949586893,STOP_LOSS,1217.0304595587236
2026-09-06 04:15:00+00:00,LONG,106.29000091552734,105.85000119890485,34.35028080936635,6,-15.11411382202432,2.181586358912488,-17.29570018093681,-0.47371315552236937,STOP_LOSS,1197.544104550581
2026-09-06 04:50:00+00:00,LONG,105.79000091552734,105.94542781284878,33.96003670063712,7,5.278303137302037,2.158746370073427,3.1195567672286098,0.08683206336962597,STOP_LOSS,1198.5080819296188
2026-09-06 06:00:00+00:00,LONG,106.66000366210938,106.34002365112305,33.71014553102022,5,-10.78657273736655,2.1508426038308937,-12.937415341197443,-0.3598199999998994,STOP_LOSS,1183.413352040948
2026-09-06 07:05:00+00:00,LONG,105.55000305175781,105.23335304260254,33.635622486736814,6,-10.650720168368341,2.1237536015726857,-12.774473769941027,-0.3598199999998932,STOP_LOSS,1168.508734237333
2026-09-07 04:10:00+00:00,LONG,105.0199966430664,104.9800033569336,33.37960688216647,7,-1.334960169039281,2.1025147455257756,-3.4374749145650565,-0.09805874256209307,SIGNAL_EXIT,1162.9679436011409
2026-09-08 10:30:00+00:00,LONG,103.58000183105469,103.68714381626674,33.6831798525553,10,3.608882757657393,2.0955076281366476,1.5133751295207456,0.04337680838774547,STOP_LOSS,1162.3879764321796
2026-09-08 11:10:00+00:00,LONG,103.27999877929688,102.97015878295899,33.76417477258494,2,-10.461491787889436,2.0860214625051894,-12.547513250394626,-0.35981999999989167,STOP_LOSS,1147.7481648242072
2026-09-08 19:50:00+00:00,LONG,103.37999725341797,103.06985726165772,33.306680073052334,8,-10.329733483417803,2.059748856593522,-12.389482340011325,-0.3598199999998937,STOP_LOSS,1133.2927357875124
2026-09-08 20:30:00+00:00,LONG,103.62999725341797,103.31910726165772,32.8078577388016,4,-10.199634622087437,2.0338071436442697,-12.233441765731706,-0.359819999999889,STOP_LOSS,1119.019367097363
2026-09-09 04:35:00+00:00,LONG,103.68000030517578,103.97000122070312,32.379032517465205,6,9.389949073954543,2.0198688302196257,7.370080243734918,0.2195398477284642,SIGNAL_EXIT,1124.3752124803227
2026-09-09 12:10:00+00:00,LONG,103.66999816894531,104.47000122070312,32.5371437929802,10,26.02981432986693,2.0394932710625007,23.99032105880443,0.7112193151808495,SIGNAL_EXIT,1146.3416581566626
2026-09-09 15:20:00+00:00,LONG,102.8499984741211,102.41999816894531,33.43728755946757,2,-14.37804385482141,2.0547881583691,-16.43283201319051,-0.4778340411941414,STOP_LOSS,1127.84541115879
2026-09-09 16:05:00+00:00,LONG,102.0999984741211,102.93914380754744,33.139434711490054,9,27.808801990533897,2.0468070212801424,25.761994969253756,0.7613926138682818,STOP_LOSS,1151.577284387958
2026-09-09 16:35:00+00:00,LONG,102.87000274658203,103.38999938964844,33.58347196387784,6,17.463292683731247,2.083317087508563,15.379975596222684,0.4451857987801025,SIGNAL_EXIT,1164.8844208722824
2026-09-09 20:45:00+00:00,LONG,102.16999816894531,102.36485334123884,34.20429994368984,9,6.6648847587072355,2.1007908884253323,4.564093870281903,0.13060219504761217,STOP_LOSS,1167.351722784994
2026-09-09 23:05:00+00:00,LONG,101.13999938964844,101.4000015258789,34.62581757453929,7,9.002786538106724,2.106634772935853,6.89615176517087,0.19691727953012875,SIGNAL_EXIT,1172.146641449152
2026-09-10 13:50:00+00:00,LONG,98.95999908447266,99.66999816894531,35.53395267663461,12,25.229073868105267,2.1250013989293364,23.104072469175932,0.6570302057259453,SIGNAL_EXIT,1193.1408499637193
2026-09-11 15:50:00+00:00,LONG,103.47000122070312,103.1028584071568,34.59381953863318,3,-12.700872236727548,2.1400330065926583,-14.840905243320206,-0.4146173031112892,STOP_LOSS,1176.1522911904647
2026-09-12 20:50:00+00:00,LONG,101.31999969482422,101.45971374511718,34.82488042044122,15,4.865525094508048,2.119993439199541,2.745531655308507,0.07781111555796875,STOP_LOSS,1176.7807487216303
2026-09-13 08:30:00+00:00,LONG,100.69000244140625,100.38793243408203,35.06149727446154,7,-10.591026738494651,2.1118507316558373,-12.702877470150488,-0.3598199999998975,STOP_LOSS,1161.959665903781
2026-09-13 09:00:00+00:00,LONG,100.19000244140625,100.12000274658203,34.79268302992583,6,-2.435477194210583,2.0900661123102795,-4.525543306520863,-0.12982502575364246,SIGNAL_EXIT,1155.3425951986333
2026-09-13 12:15:00+00:00,LONG,99.7300033569336,99.76228397914342,34.754112793829854,23,1.12188438533527,2.0802898019887412,-0.9584054166534712,-0.027651406045737164,STOP_LOSS,1152.3045731106222
2026-09-13 22:50:00+00:00,LONG,99.66000366210938,99.91999816894531,34.68707196773043,6,9.018448169832746,2.0795593005010193,6.938888869331727,0.20072496546633023,SIGNAL_EXIT,1157.1693137483549
2026-09-14 19:00:00+00:00,LONG,103.62000274658203,103.30914273834229,33.50229539884445,5,-10.414523823735092,2.0766560504527978,-12.491179874187889,-0.35981999999989345,STOP_LOSS,1142.5952291094197
2026-09-14 20:55:00+00:00,LONG,104.56999969482422,104.25628969573975,32.779819234310665,6,-10.283357061984562,2.050501398159765,-12.333858460144327,-0.35981999999988873,STOP_LOSS,1128.2046992368785
2026-09-15 14:10:00+00:00,LONG,99.98999786376953,100.27428261893137,33.84952665287554,7,9.622904396856725,2.0365422012644947,7.586362195592231,0.22414260463907631,STOP_LOSS,1133.7602929738443
2026-09-15 14:35:00+00:00,LONG,99.69000244140625,99.35000228881836,34.118575540417595,1,-11.600320889823456,2.033808334819026,-13.634129224642482,-0.4008527878168514,STOP_LOSS,1118.085395221849
2026-09-15 14:40:00+00:00,LONG,99.33000183105469,98.97143009730748,33.768812280610135,1,-12.108541566042515,2.0052885864597023,-14.113830152502217,-0.420773768348811,STOP_LOSS,1101.9590113579475
2026-09-15 14:45:00+00:00,LONG,98.87999725341797,98.48142514910016,33.4332233606486,1,-13.325550188980989,1.9755308903309168,-15.301081079311906,-0.46284483426329104,STOP_LOSS,1084.6744040581914
2026-09-15 15:20:00+00:00,LONG,98.47000122070312,99.51000213623047,33.04583296268328,7,34.36769653555428,1.973034545226077,32.3946619903282,0.9955264568831943,SIGNAL_EXIT,1115.1166521212149
2026-09-15 18:00:00+00:00,LONG,100.41999816894531,100.11873817443848,33.31358312450346,3,-10.036049869090935,2.0011883438967324,-12.037238212987667,-0.35981999999989245,STOP_LOSS,1101.0722039344091
2026-09-15 19:25:00+00:00,LONG,95.72000122070312,97.69370945521763,25.549686271698754,8,50.42762618371401,1.4976261763795802,48.93000000733443,2.0007229256348755,STOP_LOSS,1148.5348343410742
2026-09-15 20:30:00+00:00,LONG,97.58000183105469,96.70928628104073,19.786049053697706,13,-17.22802058439349,1.1480968093828599,-18.37611739377635,-0.951774036026435,STOP_LOSS,1129.0002833255642
2026-09-16 19:20:00+00:00,LONG,97.72000122070312,97.97228742327009,22.199440295227177,6,5.600612491194904,1.3049579671438325,4.295654524051072,0.19801762965176553,STOP_LOSS,1131.9943402499662
2026-09-16 20:15:00+00:00,LONG,98.19000244140625,98.5,32.386836474066314,6,10.039840237535572,1.914062035617319,8.125778201918253,0.2555225097823899,SIGNAL_EXIT,1138.2120803204098
2026-09-17 03:40:00+00:00,LONG,99.45999908447266,99.7699966430664,34.33175419659048,6,10.64275998318378,2.055167400566648,8.587592582617132,0.25149362850425283,SIGNAL_EXIT,1144.7508911584503
2026-09-17 14:15:00+00:00,LONG,100.56999969482422,100.99542497907366,34.14788390073042,2,14.527373214985197,2.0692680280142017,12.458105186970995,0.3627602966778846,STOP_LOSS,1155.1484447413359
2026-09-17 14:40:00+00:00,LONG,100.97000122070312,101.23400094168527,34.32153404305837,5,9.060875411046485,2.0847037257810324,6.976171685265452,0.20130664351759464,STOP_LOSS,1160.045349226067
2026-09-18 14:45:00+00:00,LONG,107.66999816894531,110.80000305175781,32.322244885873495,13,101.1687843162454,2.1487828991966675,99.02000141704873,2.8452911053026853,SIGNAL_EXIT,1256.9772690145087
2026-09-19 06:50:00+00:00,LONG,111.41000366210938,111.6434313092913,33.84733581447698,6,7.9009039625499184,2.2672996266036454,5.6336043359462735,0.14939555060163287,STOP_LOSS,1260.348314266229
2026-09-20 02:55:00+00:00,LONG,108.18000030517578,107.85546030426025,34.95142292597855,3,-11.343134828396268,2.261821084782174,-13.604955913178442,-0.35981999999991027,STOP_LOSS,1244.4747313873713
2026-09-20 03:10:00+00:00,LONG,107.62000274658203,107.84857221330915,34.690801885160575,3,7.929258087227425,2.2448120713496045,5.684446015877821,0.15225824123508283,STOP_LOSS,1247.9191228867517
2026-09-20 03:35:00+00:00,LONG,107.83999633789062,108.25428575788226,34.71585214942046,5,14.38241025149868,2.254883867347052,12.127526384151627,0.3239399669879877,STOP_LOSS,1257.8003948497071
2026-09-20 04:05:00+00:00,LONG,108.04000091552734,108.80999755859375,34.92596401863612,6,26.892875050207905,2.2801764357595977,24.61269861444831,0.6522682696773129,SIGNAL_EXIT,1280.149052753426
2026-09-21 00:55:00+00:00,LONG,112.45999908447266,112.27999877929688,34.14945037813475,8,-6.146911489649454,2.3005801480623775,-8.447491637711831,-0.21996114748097048,SIGNAL_EXIT,1269.397292820758
2026-09-21 01:30:00+00:00,LONG,112.73999786376953,112.3128547668457,33.778534243578214,4,-14.428267726349576,2.2762581664415547,-16.704525892791132,-0.438647169730637,STOP_LOSS,1250.4078518008896
2026-09-21 07:15:00+00:00,LONG,112.16999816894531,111.83348817443847,33.442307360589844,4,-11.253670666208171,2.2439819308418767,-13.497652597050047,-0.35981999999990844,STOP_LOSS,1234.659465070598
2026-09-21 09:50:00+00:00,LONG,115.04000091552734,115.88257162911552,31.930831100696906,6,26.90398314597764,2.220136093322219,24.683847052655423,0.6719759774499046,STOP_LOSS,1257.1393184198187
2026-09-21 10:35:00+00:00,LONG,115.58000183105469,115.62000274658203,32.63036767184174,9,1.3052445808675097,2.263633919904194,-0.9583893390366844,-0.025411910066872913,SIGNAL_EXIT,1253.9180783076263
2026-09-21 15:20:00+00:00,LONG,118.5,117.82142748151507,27.718139738416863,11,-18.808767890014664,1.95947447466743,-20.768242364682095,-0.6322914556739307,STOP_LOSS,1231.1790762075427
2026-09-23 08:25:00+00:00,LONG,117.76000213623047,117.95285818917411,31.36495551647295,9,6.048921521659809,2.2197516900865724,3.8291698315732363,0.10367216016934938,STOP_LOSS,1232.7921237019423
2026-09-23 09:30:00+00:00,LONG,117.19000244140625,117.4751460484096,31.558804454799592,8,8.998791334954902,2.2244250974644686,6.774366237490433,0.1831713583943065,STOP_LOSS,1237.3474641167693
2026-09-23 12:00:00+00:00,LONG,116.62999725341797,116.87828674316407,31.82750990111613,6,7.902436193237052,2.2319668971261266,5.670469296110925,0.15275874294418004,STOP_LOSS,1240.79070797747
2026-09-23 14:15:00+00:00,LONG,114.66999816894531,114.07142693655831,31.09380479231297,1,-18.611857054135637,2.1281488089275613,-20.7400058630632,-0.5816814329812984,STOP_LOSS,1217.9113861912467
2026-09-23 14:55:00+00:00,LONG,113.38999938964844,115.1500015258789,28.449544684363968,8,50.07125941926476,1.9655790682890426,48.10568035097572,1.4912356860536182,SIGNAL_EXIT,1264.081530229585
2026-09-23 16:20:00+00:00,LONG,113.80000305175781,114.7699966430664,33.32376528113088,6,32.323838760968776,2.2947410576698344,30.02909770329894,0.7918555089253111,SIGNAL_EXIT,1291.8352811784707
2026-09-24 14:45:00+00:00,LONG,116.23999786376953,115.79999760219029,33.34055329282965,4,-14.66985217004174,2.3165015948192225,-16.98635376486096,-0.4383003006740626,STOP_LOSS,1272.5236239074886
2026-09-24 15:15:00+00:00,LONG,114.83000183105469,115.44999694824219,33.2454133140146,6,20.611993923569354,2.302909719387621,18.309084204181733,0.47960037467270344,SIGNAL_EXIT,1288.5421655886369
2026-09-25 03:10:00+00:00,LONG,116.83999633789062,117.00571528843471,33.08478789734699,4,5.482776329322143,2.3226655638571394,3.160110765465004,0.08174899380755025,STOP_LOSS,1289.3829004560425
2026-09-25 08:50:00+00:00,LONG,117.2699966430664,117.18000030517578,32.984981769391325,6,-2.9685275646342473,2.319108104282096,-5.287635668916343,-0.1366968045216253,SIGNAL_EXIT,1281.7743755663053
2026-09-25 10:55:00+00:00,LONG,118.0199966430664,119.16257585797992,32.58196268492121,8,37.22747334487857,2.3295303600262764,34.89794298485229,0.9075425350483344,STOP_LOSS,1314.3651246751383
2026-09-25 11:10:00+00:00,LONG,119.5999984741211,121.76371329171317,32.96902528705815,2,71.3355685351757,2.4086585655363537,68.92690996963934,1.7480406490714924,STOP_LOSS,1380.9261774203624
2026-09-25 12:10:00+00:00,LONG,121.08999633789062,120.42714037214007,31.24945681654126,9,-20.713888877308626,2.257969633559246,-22.97185851086787,-0.6070792569209249,STOP_LOSS,1355.683920942609
2026-09-25 12:15:00+00:00,LONG,119.88999938964844,119.1821425301688,28.72792019688542,1,-20.335255369948854,2.0543130477003078,-22.389568417649162,-0.6500676861833405,STOP_LOSS,1331.2278383240375
2026-09-25 12:45:00+00:00,LONG,118.73999786376953,120.39399828229632,32.54457638289233,6,53.82874295808106,2.350903003884,51.47783995419706,1.3321240087706279,STOP_LOSS,1380.3870725201252
2026-09-25 13:45:00+00:00,LONG,119.7300033569336,119.22428839547294,34.58749771529644,2,-17.491415074111615,2.4742018814917586,-19.965616955603373,-0.4821260488709158,STOP_LOSS,1357.9367588339858
2026-09-25 14:00:00+00:00,LONG,118.98999786376953,119.31600341796874,34.23657744045027,3,11.161314402358265,2.450982954542589,8.710331447815676,0.21381288907967513,STOP_LOSS,1364.2028041159003
2026-09-25 16:25:00+00:00,LONG,119.33000183105469,121.27999877929688,33.043091414154546,10,64.433927418089,2.404479651823715,62.029447766265285,1.5731408029573999,SIGNAL_EXIT,1423.8664325867928
2026-09-25 22:00:00+00:00,LONG,121.1500015258789,121.20999908447266,35.258763879156206,10,2.1154397517828705,2.5642288425072963,-0.44878909072442585,-0.0105063480780986,SIGNAL_EXIT,1420.854683917412
2026-09-26 21:30:00+00:00,LONG,120.68000030517578,121.62999725341797,35.321213465139685,6,33.555045000093564,2.5776714580513977,30.977373542042166,0.7267309808353696,SIGNAL_EXIT,1449.274519028403
2026-09-27 04:25:00+00:00,LONG,120.63999938964844,120.38999938964844,36.03965168337256,9,-9.00991292084314,2.6032881864986184,-11.613201107341759,-0.26710378088858333,SIGNAL_EXIT,1435.0526237868098
2026-09-27 09:00:00+00:00,LONG,122.45999908447266,124.0365720476423,35.15562553933012,14,55.425408728623914,2.616349968053432,52.80905876057048,1.2266462772913493,STOP_LOSS,1485.278587824564
2026-09-27 10:20:00+00:00,LONG,123.9000015258789,124.32714146205358,35.963161489897196,16,15.361302503433997,2.682718239586275,12.678584263847721,0.2845388595283609,STOP_LOSS,1495.2836706303276
2026-09-27 11:00:00+00:00,LONG,124.25,123.87725,36.10342866713064,8,-13.457553035672817,2.6834360753131854,-16.140989110986002,-0.3598199999999168,STOP_LOSS,1476.4511709122069
2026-09-28 05:30:00+00:00,LONG,119.0999984741211,118.74269847869873,37.190206292899845,1,-13.288060538209967,2.649639271319046,-15.937699809529013,-0.35981999999992115,STOP_LOSS,1457.8558589950358
2026-09-28 06:05:00+00:00,LONG,118.30000305175781,119.31999969482422,36.970139172960245,6,37.7094178501173,2.646766196901135,35.062651653216165,0.8016945213723752,SIGNAL_EXIT,1490.2943701020608
2026-09-28 23:05:00+00:00,LONG,117.33999633789062,118.67057429722377,38.101953722854134,12,50.69761983116102,2.712948438082406,47.984671393078614,1.0732705420648252,STOP_LOSS,1535.5965116289556
2026-09-29 02:05:00+00:00,LONG,116.51000213623047,116.7308595929827,39.539863105489715,6,8.732673605809698,2.7693133250956055,5.963360280714092,0.12944720473016452,STOP_LOSS,1538.7957981887375
2026-09-29 07:15:00+00:00,LONG,119.19999694824219,119.30943102155413,38.72808316069583,4,4.238171891838698,2.7723753398748303,1.465796551963868,0.03175202656711367,STOP_LOSS,1537.4917623039617
2026-09-29 07:40:00+00:00,LONG,119.2699966430664,119.58914184570312,38.672553171233986,5,12.342159818312751,2.774890468038118,9.567269350274634,0.20742158505261013,STOP_LOSS,1544.2915464820892
2026-09-29 08:40:00+00:00,LONG,119.55999755859375,119.20131756591798,38.74937047548698,12,-13.898623918338556,2.771385609316757,-16.670009527655314,-0.359819999999917,STOP_LOSS,1524.8418121707662
2026-09-29 16:10:00+00:00,LONG,118.25,118.27999877929688,38.68520453710189,9,1.1605089129629869,2.745411567255157,-1.58490265429217,-0.03464627481665469,SIGNAL_EXIT,1520.5121942545666
2026-09-30 11:05:00+00:00,LONG,119.75,119.39075,38.092163530385804,5,-13.684609748291212,2.728711183809245,-16.413320932100458,-0.35981999999992353,STOP_LOSS,1501.3619513728079
2026-09-30 13:35:00+00:00,LONG,122.22000122070312,121.71071679251534,36.85228120710791,3,-18.768292961977334,2.6911905366938673,-21.4594834986712,-0.47644481463523664,STOP_LOSS,1477.2000163616656
2026-09-30 14:20:00+00:00,LONG,120.41000366210938,119.74928992135185,33.53645435297804,9,-22.15799620730025,2.4095799571493695,-24.56757616444962,-0.6083907419900545,STOP_LOSS,1450.2095654423424
2026-10-02 02:15:00+00:00,LONG,120.26000213623047,119.89922212982178,36.1768553055457,2,-13.051886088980986,2.602546086142827,-15.654432175123812,-0.35981999999991504,STOP_LOSS,1431.9447560494225
2026-10-02 04:50:00+00:00,LONG,121.76000213623047,123.19000244140625,35.28116124161938,6,50.452071342471655,2.607771803694443,47.844299538777214,1.1137370892892828,SIGNAL_EXIT,1477.2115550273109
2026-10-02 08:20:00+00:00,LONG,121.91000366210938,122.44628622872489,36.351690033287404,4,19.49477763186289,2.670677665628277,16.824099966234613,0.3796364375157664,STOP_LOSS,1491.3766741944962
2026-10-02 16:15:00+00:00,LONG,119.70999908447266,120.33000183105469,37.37473942695752,11,23.172441097501395,2.6983814782085935,20.474059619292802,0.4576098485279586,SIGNAL_EXIT,1509.166255800239
2026-10-02 18:05:00+00:00,LONG,119.3499984741211,119.55999755859375,37.934636156551136,6,7.966238862679062,2.7212790037580374,5.244959858921025,0.11584674294524548,SIGNAL_EXIT,1511.6947163987195
2026-10-02 19:05:00+00:00,LONG,117.62000274658203,118.0548581804548,38.55708249699004,6,16.76675683809677,2.731110543620553,14.03564629447622,0.30949031666724275,STOP_LOSS,1523.009312203678
2026-10-04 01:05:00+00:00,LONG,120.08000183105469,120.1422840663365,38.04986564739881,7,2.3698306846926784,2.742838660377436,-0.37300797568475774,-0.008163836616007773,STOP_LOSS,1519.8948874660268
2026-10-04 01:50:00+00:00,LONG,120.13999938964844,120.13999938964844,37.95309377029141,9,0.0,2.7358107974388477,-2.7358107974388477,-0.059999999999986835,SIGNAL_EXIT,1514.423265871149
2026-10-04 03:30:00+00:00,LONG,120.4000015258789,120.77999877929688,37.73479850527171,7,14.339119790283723,2.7345653504422383,11.604554439841484,0.2554229653263104,SIGNAL_EXIT,1523.3018584324223
2026-10-04 05:50:00+00:00,LONG,120.69000244140625,120.91314304896764,37.86482295843775,7,8.449179600150284,2.7470128529384503,5.702166747211834,0.12477646754965317,STOP_LOSS,1526.2620818344556
2026-10-04 12:50:00+00:00,LONG,121.4800033569336,121.26000213623047,37.69168685359629,6,-8.292217118151113,2.7422964170311293,-11.034513535182242,-0.24099210890258008,SIGNAL_EXIT,1512.4802965519714
2026-10-05 05:40:00+00:00,LONG,120.41000366210938,120.5199966430664,37.68325514206222,20,4.1448935652398,2.724951469932692,1.4199420953071074,0.03129389737161892,SIGNAL_EXIT,1511.177774113485
2026-10-05 10:15:00+00:00,LONG,120.55999755859375,120.79000091552734,37.60395997135864,9,8.649037027408973,2.725309415620718,5.923727611788255,0.1306646977225437,SIGNAL_EXIT,1514.381381731869
2026-10-05 16:55:00+00:00,LONG,119.04000091552734,119.5999984741211,38.16485307673589,6,21.372224547061265,2.7387098218456005,18.633514725215665,0.41014579616445973,SIGNAL_EXIT,1530.2890099699673
2026-10-06 06:50:00+00:00,LONG,119.5,119.83000183105469,38.41729732142178,6,12.677778460241528,2.762126885022086,9.915651575219442,0.2159864685824255,SIGNAL_EXIT,1537.4501413272408
2026-10-06 10:25:00+00:00,LONG,119.45999908447266,120.25,38.60999882245297,10,30.50193441824751,2.7857114150399815,27.71622300320753,0.6009132103036271,SIGNAL_EXIT,1562.3989540760592
2026-10-07 01:55:00+00:00,LONG,119.93000030517578,119.57021030426026,39.08277203619663,6,-14.0615905866844,2.8038811629848954,-16.865471749669297,-0.35981999999992037,STOP_LOSS,1542.721164209053
2026-10-07 02:00:00+00:00,LONG,118.97000122070312,118.61309121704102,38.90193700209669,1,-13.884490477881425,2.768567401289566,-16.65305787917099,-0.3598199999999211,STOP_LOSS,1523.2912082343057
2026-10-07 02:50:00+00:00,LONG,117.55999755859375,118.30999755859375,38.87269240904178,10,29.15451930678134,2.759416886405819,26.39510242037552,0.5775893293348054,SIGNAL_EXIT,1546.9443864798593
2026-10-07 11:10:00+00:00,LONG,117.73999786376953,117.70999908447266,39.41594397520909,19,-1.1824302040902872,2.7837904375412923,-3.9662206416315797,-0.08546354728489489,SIGNAL_EXIT,1540.1936659425642
